INSERT INTO dividend (dividend_rate, dividend_ratio, dividend_yield, five_year_avg_dividend_yield, ex_dividend_date, id) VALUES (515, 0.3211, 0.045900002, 7.93, 1710460800, 1);
INSERT INTO dividend (dividend_rate, dividend_ratio, dividend_yield, five_year_avg_dividend_yield, ex_dividend_date, id) VALUES (515, 0.3211, 0.0442, 7.74, 1710460800, 2);
INSERT INTO dividend (dividend_rate, dividend_ratio, dividend_yield, five_year_avg_dividend_yield, ex_dividend_date, id) VALUES (9.9, 0.467, 0.013300001, 1.47, 1723680000, 3);
INSERT INTO dividend (dividend_rate, dividend_ratio, dividend_yield, five_year_avg_dividend_yield, ex_dividend_date, id) VALUES (0.38, 0, 0.0033000002, 0.24, 1733356800, 4);
INSERT INTO dividend (dividend_rate, dividend_ratio, dividend_yield, five_year_avg_dividend_yield, ex_dividend_date, id) VALUES (0, 0, 0, 0, 0, 5);
INSERT INTO dividend (dividend_rate, dividend_ratio, dividend_yield, five_year_avg_dividend_yield, ex_dividend_date, id) VALUES (27, 0.5378, 0.0312, 2.13, 1710201600, 6);
INSERT INTO dividend (dividend_rate, dividend_ratio, dividend_yield, five_year_avg_dividend_yield, ex_dividend_date, id) VALUES (27, 0.5378, 0.0359, 2.53, 1710201600, 7);
INSERT INTO dividend (dividend_rate, dividend_ratio, dividend_yield, five_year_avg_dividend_yield, ex_dividend_date, id) VALUES (34, 0.935, 0.0382, 2.1, 1733443200, 8);
INSERT INTO dividend (dividend_rate, dividend_ratio, dividend_yield, five_year_avg_dividend_yield, ex_dividend_date, id) VALUES (15, 0.5474, 0.075100005, 5.27, 1721606400, 9);
INSERT INTO dividend (dividend_rate, dividend_ratio, dividend_yield, five_year_avg_dividend_yield, ex_dividend_date, id) VALUES (0, 0, 0, 0, 956707200, 10);
INSERT INTO dividend (dividend_rate, dividend_ratio, dividend_yield, five_year_avg_dividend_yield, ex_dividend_date, id) VALUES (7, 0.1359, 0.0047, 0.42, 1710460800, 11);
INSERT INTO dividend (dividend_rate, dividend_ratio, dividend_yield, five_year_avg_dividend_yield, ex_dividend_date, id) VALUES (0, 0, 0, 0, 0, 12);
INSERT INTO dividend (dividend_rate, dividend_ratio, dividend_yield, five_year_avg_dividend_yield, ex_dividend_date, id) VALUES (0, 0, 0, 0.48, 1646870400, 13);
INSERT INTO dividend (dividend_rate, dividend_ratio, dividend_yield, five_year_avg_dividend_yield, ex_dividend_date, id) VALUES (2.3, 0.2054, 0.018, 3.4, 1712880000, 14);
INSERT INTO dividend (dividend_rate, dividend_ratio, dividend_yield, five_year_avg_dividend_yield, ex_dividend_date, id) VALUES (0, 0, 0, 0, 1701648000, 15);
INSERT INTO dividend (dividend_rate, dividend_ratio, dividend_yield, five_year_avg_dividend_yield, ex_dividend_date, id) VALUES (0, 0, 0, 1.44, 1459468800, 16);
INSERT INTO dividend (dividend_rate, dividend_ratio, dividend_yield, five_year_avg_dividend_yield, ex_dividend_date, id) VALUES (6.86, 0.6479, 0.0866, 6.7, 1711065600, 17);
INSERT INTO dividend (dividend_rate, dividend_ratio, dividend_yield, five_year_avg_dividend_yield, ex_dividend_date, id) VALUES (8.2, 0.89199996, 0.019199999, 1.52, 1724889600, 18);
INSERT INTO dividend (dividend_rate, dividend_ratio, dividend_yield, five_year_avg_dividend_yield, ex_dividend_date, id) VALUES (18, 0.30719998, 0.016, 1.55, 1710460800, 19);
INSERT INTO dividend (dividend_rate, dividend_ratio, dividend_yield, five_year_avg_dividend_yield, ex_dividend_date, id) VALUES (43, 0.26569998, 0.014400001, 1.69, 1712793600, 20);
INSERT INTO dividend (dividend_rate, dividend_ratio, dividend_yield, five_year_avg_dividend_yield, ex_dividend_date, id) VALUES (0, 0, 0, 1.99, 1727740800, 21);
INSERT INTO dividend (dividend_rate, dividend_ratio, dividend_yield, five_year_avg_dividend_yield, ex_dividend_date, id) VALUES (40.48, 0.7452, 0.2644, 0, 1732060800, 22);
INSERT INTO dividend (dividend_rate, dividend_ratio, dividend_yield, five_year_avg_dividend_yield, ex_dividend_date, id) VALUES (0, 0, 0, 0.99, 1649203200, 23);
INSERT INTO dividend (dividend_rate, dividend_ratio, dividend_yield, five_year_avg_dividend_yield, ex_dividend_date, id) VALUES (0, 0, 0, 1.81, 1678233600, 24);
INSERT INTO dividend (dividend_rate, dividend_ratio, dividend_yield, five_year_avg_dividend_yield, ex_dividend_date, id) VALUES (0, 0, 0, 0, 0, 25);


INSERT INTO stock (dividend_id, id, country, exchange, industry, name, sector, ticker, currency) VALUES (1, 1, 'Denmark', 'CPH', 'Marine Shipping', 'A.P. Møller - Mærsk A A/S', 'Industrials', 'MAERSK-A.CO', 'DKK');
INSERT INTO stock (dividend_id, id, country, exchange, industry, name, sector, ticker, currency) VALUES (2, 2, 'Denmark', 'CPH', 'Marine Shipping', 'A.P. Møller - Mærsk B A/S', 'Industrials', 'MAERSK-B.CO', 'DKK');
INSERT INTO stock (dividend_id, id, country, exchange, industry, name, sector, ticker, currency) VALUES (3, 3, 'Denmark', 'CPH', 'Drug Manufacturers - General', 'Novo Nordisk B A/S', 'Healthcare', 'NOVO-B.CO', 'DKK');
INSERT INTO stock (dividend_id, id, country, exchange, industry, name, sector, ticker, currency) VALUES (4, 4, 'Denmark', 'CPH', 'Medical Devices', 'Ambu A/S', 'Healthcare', 'AMBU-B.CO', 'DKK');
INSERT INTO stock (dividend_id, id, country, exchange, industry, name, sector, ticker, currency) VALUES (5, 5, 'Denmark', 'CPH', 'Biotechnology', 'Bavarian Nordic A/S', 'Healthcare', 'BAVA.CO', 'DKK');
INSERT INTO stock (dividend_id, id, country, exchange, industry, name, sector, ticker, currency) VALUES (6, 6, 'Denmark', 'CPH', 'Beverages - Brewers', 'Carlsberg A A/S', 'Consumer Defensive', 'CARL-A.CO', 'DKK');
INSERT INTO stock (dividend_id, id, country, exchange, industry, name, sector, ticker, currency) VALUES (7, 7, 'Denmark', 'CPH', 'Beverages - Brewers', 'Carlsberg B A/S', 'Consumer Defensive', 'CARL-B.CO', 'DKK');
INSERT INTO stock (dividend_id, id, country, exchange, industry, name, sector, ticker, currency) VALUES (8, 8, 'Denmark', 'CPH', 'Medical Instruments & Supplies', 'Coloplast B A/S', 'Healthcare', 'COLO-B.CO', 'DKK');
INSERT INTO stock (dividend_id, id, country, exchange, industry, name, sector, ticker, currency) VALUES (9, 9, 'Denmark', 'CPH', 'Banks - Regional', 'Danske Bank A/S', 'Financial Services', 'DANSKE.CO', 'DKK');
INSERT INTO stock (dividend_id, id, country, exchange, industry, name, sector, ticker, currency) VALUES (10, 10, 'Denmark', 'CPH', 'Medical Devices', 'Demant A/S', 'Healthcare', 'DEMANT.CO', 'DKK');
INSERT INTO stock (dividend_id, id, country, exchange, industry, name, sector, ticker, currency) VALUES (11, 11, 'Denmark', 'CPH', 'Integrated Freight & Logistics', 'DSV A/S', 'Industrials', 'DSV.CO', 'DKK');
INSERT INTO stock (dividend_id, id, country, exchange, industry, name, sector, ticker, currency) VALUES (12, 12, 'Denmark', 'CPH', 'Biotechnology', 'Genmab A/S', 'Healthcare', 'GMAB.CO', 'DKK');
INSERT INTO stock (dividend_id, id, country, exchange, industry, name, sector, ticker, currency) VALUES (13, 13, 'Denmark', 'CPH', 'Medical Devices', 'GN Store Nord A/S', 'Healthcare', 'GN.CO', 'DKK');
INSERT INTO stock (dividend_id, id, country, exchange, industry, name, sector, ticker, currency) VALUES (14, 14, 'Denmark', 'CPH', 'Specialty Business Services', 'ISS A/S', 'Industrials', 'ISS.CO', 'DKK');
INSERT INTO stock (dividend_id, id, country, exchange, industry, name, sector, ticker, currency) VALUES (15, 15, 'Denmark', 'CPH', 'Banks - Regional', 'Jyske Bank A/S', 'Financial Services', 'JYSK.CO', 'DKK');
INSERT INTO stock (dividend_id, id, country, exchange, industry, name, sector, ticker, currency) VALUES (16, 16, 'Denmark', 'CPH', 'Electrical Equipment & Parts', 'NKT A/S', 'Industrials', 'NKT.CO', 'DKK');
INSERT INTO stock (dividend_id, id, country, exchange, industry, name, sector, ticker, currency) VALUES (17, 17, 'Finland', 'CPH', 'Banks - Regional', 'Nordea Bank Abp', 'Financial Services', 'NDA-DK.CO', 'DKK');
INSERT INTO stock (dividend_id, id, country, exchange, industry, name, sector, ticker, currency) VALUES (18, 18, 'Denmark', 'CPH', 'Specialty Chemicals', 'Novonesis (Novozymes A/S) B', 'Basic Materials', 'NSIS-B.CO', 'DKK');
INSERT INTO stock (dividend_id, id, country, exchange, industry, name, sector, ticker, currency) VALUES (19, 19, 'Denmark', 'CPH', 'Luxury Goods', 'Pandora A/S', 'Consumer Cyclical', 'PNDORA.CO', 'DKK');
INSERT INTO stock (dividend_id, id, country, exchange, industry, name, sector, ticker, currency) VALUES (20, 20, 'Denmark', 'CPH', 'Building Products & Equipment', 'Rockwool A/S ser. B', 'Industrials', 'ROCK-B.CO', 'DKK');
INSERT INTO stock (dividend_id, id, country, exchange, industry, name, sector, ticker, currency) VALUES (21, 21, 'Denmark', 'CPH', 'Beverages - Brewers', 'Royal UNIBREW A/S', 'Consumer Defensive', 'RBREW.CO', 'DKK');
INSERT INTO stock (dividend_id, id, country, exchange, industry, name, sector, ticker, currency) VALUES (22, 22, 'United Kingdom', 'CPH', 'Oil & Gas Midstream', 'TORM plc A', 'Energy', 'TRMD-A.CO', 'DKK');
INSERT INTO stock (dividend_id, id, country, exchange, industry, name, sector, ticker, currency) VALUES (23, 23, 'Denmark', 'CPH', 'Specialty Industrial Machinery', 'Vestas Wind Systems A/S', 'Industrials', 'VWS.CO', 'DKK');
INSERT INTO stock (dividend_id, id, country, exchange, industry, name, sector, ticker, currency) VALUES (24, 24, 'Denmark', 'CPH', 'Utilities - Renewable', 'ORSTED A/S', 'Utilities', 'ORSTED.CO', 'DKK');
INSERT INTO stock (dividend_id, id, country, exchange, industry, name, sector, ticker, currency) VALUES (25, 25, 'Denmark', 'CPH', 'Biotechnology', 'Zealand Pharma A/S', 'Healthcare', 'ZEAL.CO', 'DKK');

INSERT INTO historical_dividend (dividend, ex_dividend_date, id, stock_id) VALUES (22, 958003200, 1, 1);
INSERT INTO historical_dividend (dividend, ex_dividend_date, id, stock_id) VALUES (30, 989452800, 2, 1);
INSERT INTO historical_dividend (dividend, ex_dividend_date, id, stock_id) VALUES (30, 1020988800, 3, 1);
INSERT INTO historical_dividend (dividend, ex_dividend_date, id, stock_id) VALUES (40, 1051574400, 4, 1);
INSERT INTO historical_dividend (dividend, ex_dividend_date, id, stock_id) VALUES (60, 1083196800, 5, 1);
INSERT INTO historical_dividend (dividend, ex_dividend_date, id, stock_id) VALUES (90, 1113868800, 6, 1);
INSERT INTO historical_dividend (dividend, ex_dividend_date, id, stock_id) VALUES (110, 1145577600, 7, 1);
INSERT INTO historical_dividend (dividend, ex_dividend_date, id, stock_id) VALUES (110, 1177977600, 8, 1);
INSERT INTO historical_dividend (dividend, ex_dividend_date, id, stock_id) VALUES (130, 1209513600, 9, 1);
INSERT INTO historical_dividend (dividend, ex_dividend_date, id, stock_id) VALUES (130, 1241136000, 10, 1);
INSERT INTO historical_dividend (dividend, ex_dividend_date, id, stock_id) VALUES (65, 1272412800, 11, 1);
INSERT INTO historical_dividend (dividend, ex_dividend_date, id, stock_id) VALUES (200, 1301961600, 12, 1);
INSERT INTO historical_dividend (dividend, ex_dividend_date, id, stock_id) VALUES (200, 1334188800, 13, 1);
INSERT INTO historical_dividend (dividend, ex_dividend_date, id, stock_id) VALUES (200, 1334275200, 14, 1);
INSERT INTO historical_dividend (dividend, ex_dividend_date, id, stock_id) VALUES (240, 1365724800, 15, 1);
INSERT INTO historical_dividend (dividend, ex_dividend_date, id, stock_id) VALUES (280, 1396310400, 16, 1);
INSERT INTO historical_dividend (dividend, ex_dividend_date, id, stock_id) VALUES (300, 1427760000, 17, 1);
INSERT INTO historical_dividend (dividend, ex_dividend_date, id, stock_id) VALUES (300, 1460505600, 18, 1);
INSERT INTO historical_dividend (dividend, ex_dividend_date, id, stock_id) VALUES (150, 1490745600, 19, 1);
INSERT INTO historical_dividend (dividend, ex_dividend_date, id, stock_id) VALUES (150, 1523404800, 20, 1);
INSERT INTO historical_dividend (dividend, ex_dividend_date, id, stock_id) VALUES (150, 1554249600, 21, 1);
INSERT INTO historical_dividend (dividend, ex_dividend_date, id, stock_id) VALUES (150, 1585008000, 22, 1);
INSERT INTO historical_dividend (dividend, ex_dividend_date, id, stock_id) VALUES (330, 1616544000, 23, 1);
INSERT INTO historical_dividend (dividend, ex_dividend_date, id, stock_id) VALUES (2500, 1647388800, 24, 1);
INSERT INTO historical_dividend (dividend, ex_dividend_date, id, stock_id) VALUES (2300, 1680048000, 25, 1);
INSERT INTO historical_dividend (dividend, ex_dividend_date, id, stock_id) VALUES (515, 1710460800, 26, 1);
INSERT INTO historical_dividend (dividend, ex_dividend_date, id, stock_id) VALUES (22, 958003200, 27, 2);
INSERT INTO historical_dividend (dividend, ex_dividend_date, id, stock_id) VALUES (30, 989452800, 28, 2);
INSERT INTO historical_dividend (dividend, ex_dividend_date, id, stock_id) VALUES (30, 1020988800, 29, 2);
INSERT INTO historical_dividend (dividend, ex_dividend_date, id, stock_id) VALUES (40, 1051574400, 30, 2);
INSERT INTO historical_dividend (dividend, ex_dividend_date, id, stock_id) VALUES (60, 1083196800, 31, 2);
INSERT INTO historical_dividend (dividend, ex_dividend_date, id, stock_id) VALUES (90, 1113868800, 32, 2);
INSERT INTO historical_dividend (dividend, ex_dividend_date, id, stock_id) VALUES (110, 1145577600, 33, 2);
INSERT INTO historical_dividend (dividend, ex_dividend_date, id, stock_id) VALUES (110, 1177977600, 34, 2);
INSERT INTO historical_dividend (dividend, ex_dividend_date, id, stock_id) VALUES (130, 1209513600, 35, 2);
INSERT INTO historical_dividend (dividend, ex_dividend_date, id, stock_id) VALUES (130, 1241136000, 36, 2);
INSERT INTO historical_dividend (dividend, ex_dividend_date, id, stock_id) VALUES (65, 1272412800, 37, 2);
INSERT INTO historical_dividend (dividend, ex_dividend_date, id, stock_id) VALUES (200, 1301961600, 38, 2);
INSERT INTO historical_dividend (dividend, ex_dividend_date, id, stock_id) VALUES (200, 1334275200, 39, 2);
INSERT INTO historical_dividend (dividend, ex_dividend_date, id, stock_id) VALUES (240, 1365724800, 40, 2);
INSERT INTO historical_dividend (dividend, ex_dividend_date, id, stock_id) VALUES (280, 1396310400, 41, 2);
INSERT INTO historical_dividend (dividend, ex_dividend_date, id, stock_id) VALUES (300, 1427760000, 42, 2);
INSERT INTO historical_dividend (dividend, ex_dividend_date, id, stock_id) VALUES (300, 1460505600, 43, 2);
INSERT INTO historical_dividend (dividend, ex_dividend_date, id, stock_id) VALUES (150, 1490745600, 44, 2);
INSERT INTO historical_dividend (dividend, ex_dividend_date, id, stock_id) VALUES (150, 1523404800, 45, 2);
INSERT INTO historical_dividend (dividend, ex_dividend_date, id, stock_id) VALUES (150, 1554249600, 46, 2);
INSERT INTO historical_dividend (dividend, ex_dividend_date, id, stock_id) VALUES (150, 1585008000, 47, 2);
INSERT INTO historical_dividend (dividend, ex_dividend_date, id, stock_id) VALUES (330, 1616544000, 48, 2);
INSERT INTO historical_dividend (dividend, ex_dividend_date, id, stock_id) VALUES (2500, 1647388800, 49, 2);
INSERT INTO historical_dividend (dividend, ex_dividend_date, id, stock_id) VALUES (2000, 1680048000, 50, 2);
INSERT INTO historical_dividend (dividend, ex_dividend_date, id, stock_id) VALUES (515, 1710460800, 51, 2);
INSERT INTO historical_dividend (dividend, ex_dividend_date, id, stock_id) VALUES (0.6625, 985132800, 52, 3);
INSERT INTO historical_dividend (dividend, ex_dividend_date, id, stock_id) VALUES (0.1675, 1015977600, 53, 3);
INSERT INTO historical_dividend (dividend, ex_dividend_date, id, stock_id) VALUES (0.18, 1048636800, 54, 3);
INSERT INTO historical_dividend (dividend, ex_dividend_date, id, stock_id) VALUES (0.22, 1079481600, 55, 3);
INSERT INTO historical_dividend (dividend, ex_dividend_date, id, stock_id) VALUES (0.24, 1110412800, 56, 3);
INSERT INTO historical_dividend (dividend, ex_dividend_date, id, stock_id) VALUES (0.3, 1141862400, 57, 3);
INSERT INTO historical_dividend (dividend, ex_dividend_date, id, stock_id) VALUES (0.35, 1173312000, 58, 3);
INSERT INTO historical_dividend (dividend, ex_dividend_date, id, stock_id) VALUES (0.45, 1205366400, 59, 3);
INSERT INTO historical_dividend (dividend, ex_dividend_date, id, stock_id) VALUES (0.6, 1237420800, 60, 3);
INSERT INTO historical_dividend (dividend, ex_dividend_date, id, stock_id) VALUES (0.75, 1269475200, 61, 3);
INSERT INTO historical_dividend (dividend, ex_dividend_date, id, stock_id) VALUES (1, 1300924800, 62, 3);
INSERT INTO historical_dividend (dividend, ex_dividend_date, id, stock_id) VALUES (1.4, 1332374400, 63, 3);
INSERT INTO historical_dividend (dividend, ex_dividend_date, id, stock_id) VALUES (1.8, 1363824000, 64, 3);
INSERT INTO historical_dividend (dividend, ex_dividend_date, id, stock_id) VALUES (2.25, 1395360000, 65, 3);
INSERT INTO historical_dividend (dividend, ex_dividend_date, id, stock_id) VALUES (2.5, 1426809600, 66, 3);
INSERT INTO historical_dividend (dividend, ex_dividend_date, id, stock_id) VALUES (3.2, 1458518400, 67, 3);
INSERT INTO historical_dividend (dividend, ex_dividend_date, id, stock_id) VALUES (1.5, 1470960000, 68, 3);
INSERT INTO historical_dividend (dividend, ex_dividend_date, id, stock_id) VALUES (2.3, 1490313600, 69, 3);
INSERT INTO historical_dividend (dividend, ex_dividend_date, id, stock_id) VALUES (1.5, 1503014400, 70, 3);
INSERT INTO historical_dividend (dividend, ex_dividend_date, id, stock_id) VALUES (2.425, 1521763200, 71, 3);
INSERT INTO historical_dividend (dividend, ex_dividend_date, id, stock_id) VALUES (1.5, 1534464000, 72, 3);
INSERT INTO historical_dividend (dividend, ex_dividend_date, id, stock_id) VALUES (2.575, 1553212800, 73, 3);
INSERT INTO historical_dividend (dividend, ex_dividend_date, id, stock_id) VALUES (1.5, 1565913600, 74, 3);
INSERT INTO historical_dividend (dividend, ex_dividend_date, id, stock_id) VALUES (2.675, 1585267200, 75, 3);
INSERT INTO historical_dividend (dividend, ex_dividend_date, id, stock_id) VALUES (1.625, 1597363200, 76, 3);
INSERT INTO historical_dividend (dividend, ex_dividend_date, id, stock_id) VALUES (2.925, 1616716800, 77, 3);
INSERT INTO historical_dividend (dividend, ex_dividend_date, id, stock_id) VALUES (1.75, 1629072000, 78, 3);
INSERT INTO historical_dividend (dividend, ex_dividend_date, id, stock_id) VALUES (3.45, 1648166400, 79, 3);
INSERT INTO historical_dividend (dividend, ex_dividend_date, id, stock_id) VALUES (2.125, 1660262400, 80, 3);
INSERT INTO historical_dividend (dividend, ex_dividend_date, id, stock_id) VALUES (4.075, 1679616000, 81, 3);
INSERT INTO historical_dividend (dividend, ex_dividend_date, id, stock_id) VALUES (3, 1692316800, 82, 3);
INSERT INTO historical_dividend (dividend, ex_dividend_date, id, stock_id) VALUES (6.4, 1711065600, 83, 3);
INSERT INTO historical_dividend (dividend, ex_dividend_date, id, stock_id) VALUES (3.5, 1723680000, 84, 3);
INSERT INTO historical_dividend (dividend, ex_dividend_date, id, stock_id) VALUES (0.05, 1106697600, 85, 4);
INSERT INTO historical_dividend (dividend, ex_dividend_date, id, stock_id) VALUES (0.05, 1136937600, 86, 4);
INSERT INTO historical_dividend (dividend, ex_dividend_date, id, stock_id) VALUES (0.075, 1166572800, 87, 4);
INSERT INTO historical_dividend (dividend, ex_dividend_date, id, stock_id) VALUES (0.075, 1198108800, 88, 4);
INSERT INTO historical_dividend (dividend, ex_dividend_date, id, stock_id) VALUES (0.075, 1229472000, 89, 4);
INSERT INTO historical_dividend (dividend, ex_dividend_date, id, stock_id) VALUES (0.075, 1261008000, 90, 4);
INSERT INTO historical_dividend (dividend, ex_dividend_date, id, stock_id) VALUES (0.125, 1292544000, 91, 4);
INSERT INTO historical_dividend (dividend, ex_dividend_date, id, stock_id) VALUES (0.1, 1323993600, 92, 4);
INSERT INTO historical_dividend (dividend, ex_dividend_date, id, stock_id) VALUES (0.15, 1355443200, 93, 4);
INSERT INTO historical_dividend (dividend, ex_dividend_date, id, stock_id) VALUES (0.0625, 1386892800, 94, 4);
INSERT INTO historical_dividend (dividend, ex_dividend_date, id, stock_id) VALUES (0.1875, 1418860800, 95, 4);
INSERT INTO historical_dividend (dividend, ex_dividend_date, id, stock_id) VALUES (0.19, 1449792000, 96, 4);
INSERT INTO historical_dividend (dividend, ex_dividend_date, id, stock_id) VALUES (0.31, 1481587200, 97, 4);
INSERT INTO historical_dividend (dividend, ex_dividend_date, id, stock_id) VALUES (0.37, 1513209600, 98, 4);
INSERT INTO historical_dividend (dividend, ex_dividend_date, id, stock_id) VALUES (0.4, 1544659200, 99, 4);
INSERT INTO historical_dividend (dividend, ex_dividend_date, id, stock_id) VALUES (0.38, 1576627200, 100, 4);
INSERT INTO historical_dividend (dividend, ex_dividend_date, id, stock_id) VALUES (0.29, 1607558400, 101, 4);
INSERT INTO historical_dividend (dividend, ex_dividend_date, id, stock_id) VALUES (0.29, 1639526400, 102, 4);
INSERT INTO historical_dividend (dividend, ex_dividend_date, id, stock_id) VALUES (4.364098, 984096000, 103, 6);
INSERT INTO historical_dividend (dividend, ex_dividend_date, id, stock_id) VALUES (4.040832, 1016496000, 104, 6);
INSERT INTO historical_dividend (dividend, ex_dividend_date, id, stock_id) VALUES (4.040832, 1047945600, 105, 6);
INSERT INTO historical_dividend (dividend, ex_dividend_date, id, stock_id) VALUES (4.040832, 1079654400, 106, 6);
INSERT INTO historical_dividend (dividend, ex_dividend_date, id, stock_id) VALUES (4.040832, 1111017600, 107, 6);
INSERT INTO historical_dividend (dividend, ex_dividend_date, id, stock_id) VALUES (4.040832, 1142467200, 108, 6);
INSERT INTO historical_dividend (dividend, ex_dividend_date, id, stock_id) VALUES (4.848998, 1173830400, 109, 6);
INSERT INTO historical_dividend (dividend, ex_dividend_date, id, stock_id) VALUES (4.848998, 1205193600, 110, 6);
INSERT INTO historical_dividend (dividend, ex_dividend_date, id, stock_id) VALUES (3.5, 1236902400, 111, 6);
INSERT INTO historical_dividend (dividend, ex_dividend_date, id, stock_id) VALUES (3.5, 1269561600, 112, 6);
INSERT INTO historical_dividend (dividend, ex_dividend_date, id, stock_id) VALUES (5, 1301011200, 113, 6);
INSERT INTO historical_dividend (dividend, ex_dividend_date, id, stock_id) VALUES (5.5, 1332460800, 114, 6);
INSERT INTO historical_dividend (dividend, ex_dividend_date, id, stock_id) VALUES (6, 1363910400, 115, 6);
INSERT INTO historical_dividend (dividend, ex_dividend_date, id, stock_id) VALUES (8, 1395360000, 116, 6);
INSERT INTO historical_dividend (dividend, ex_dividend_date, id, stock_id) VALUES (9, 1427414400, 117, 6);
INSERT INTO historical_dividend (dividend, ex_dividend_date, id, stock_id) VALUES (9, 1458259200, 118, 6);
INSERT INTO historical_dividend (dividend, ex_dividend_date, id, stock_id) VALUES (10, 1490918400, 119, 6);
INSERT INTO historical_dividend (dividend, ex_dividend_date, id, stock_id) VALUES (16, 1521072000, 120, 6);
INSERT INTO historical_dividend (dividend, ex_dividend_date, id, stock_id) VALUES (18, 1552521600, 121, 6);
INSERT INTO historical_dividend (dividend, ex_dividend_date, id, stock_id) VALUES (21, 1584403200, 122, 6);
INSERT INTO historical_dividend (dividend, ex_dividend_date, id, stock_id) VALUES (22, 1615852800, 123, 6);
INSERT INTO historical_dividend (dividend, ex_dividend_date, id, stock_id) VALUES (24, 1647302400, 124, 6);
INSERT INTO historical_dividend (dividend, ex_dividend_date, id, stock_id) VALUES (27, 1678752000, 125, 6);
INSERT INTO historical_dividend (dividend, ex_dividend_date, id, stock_id) VALUES (27, 1710201600, 126, 6);
INSERT INTO historical_dividend (dividend, ex_dividend_date, id, stock_id) VALUES (4.358987, 984096000, 127, 7);
INSERT INTO historical_dividend (dividend, ex_dividend_date, id, stock_id) VALUES (4.036099, 1016496000, 128, 7);
INSERT INTO historical_dividend (dividend, ex_dividend_date, id, stock_id) VALUES (4.036099, 1047945600, 129, 7);
INSERT INTO historical_dividend (dividend, ex_dividend_date, id, stock_id) VALUES (4.036099, 1079654400, 130, 7);
INSERT INTO historical_dividend (dividend, ex_dividend_date, id, stock_id) VALUES (4.036099, 1111017600, 131, 7);
INSERT INTO historical_dividend (dividend, ex_dividend_date, id, stock_id) VALUES (4.036099, 1142467200, 132, 7);
INSERT INTO historical_dividend (dividend, ex_dividend_date, id, stock_id) VALUES (4.843319, 1173830400, 133, 7);
INSERT INTO historical_dividend (dividend, ex_dividend_date, id, stock_id) VALUES (4.843319, 1205193600, 134, 7);
INSERT INTO historical_dividend (dividend, ex_dividend_date, id, stock_id) VALUES (3.5, 1236902400, 135, 7);
INSERT INTO historical_dividend (dividend, ex_dividend_date, id, stock_id) VALUES (3.5, 1269561600, 136, 7);
INSERT INTO historical_dividend (dividend, ex_dividend_date, id, stock_id) VALUES (5, 1301011200, 137, 7);
INSERT INTO historical_dividend (dividend, ex_dividend_date, id, stock_id) VALUES (5.5, 1332460800, 138, 7);
INSERT INTO historical_dividend (dividend, ex_dividend_date, id, stock_id) VALUES (6, 1363910400, 139, 7);
INSERT INTO historical_dividend (dividend, ex_dividend_date, id, stock_id) VALUES (8, 1395360000, 140, 7);
INSERT INTO historical_dividend (dividend, ex_dividend_date, id, stock_id) VALUES (9, 1427414400, 141, 7);
INSERT INTO historical_dividend (dividend, ex_dividend_date, id, stock_id) VALUES (9, 1458259200, 142, 7);
INSERT INTO historical_dividend (dividend, ex_dividend_date, id, stock_id) VALUES (10, 1490918400, 143, 7);
INSERT INTO historical_dividend (dividend, ex_dividend_date, id, stock_id) VALUES (16, 1521072000, 144, 7);
INSERT INTO historical_dividend (dividend, ex_dividend_date, id, stock_id) VALUES (18, 1552521600, 145, 7);
INSERT INTO historical_dividend (dividend, ex_dividend_date, id, stock_id) VALUES (21, 1584403200, 146, 7);
INSERT INTO historical_dividend (dividend, ex_dividend_date, id, stock_id) VALUES (22, 1615852800, 147, 7);
INSERT INTO historical_dividend (dividend, ex_dividend_date, id, stock_id) VALUES (24, 1647302400, 148, 7);
INSERT INTO historical_dividend (dividend, ex_dividend_date, id, stock_id) VALUES (27, 1678752000, 149, 7);
INSERT INTO historical_dividend (dividend, ex_dividend_date, id, stock_id) VALUES (27, 1710201600, 150, 7);
INSERT INTO historical_dividend (dividend, ex_dividend_date, id, stock_id) VALUES (0.3, 976752000, 151, 8);
INSERT INTO historical_dividend (dividend, ex_dividend_date, id, stock_id) VALUES (0.36, 1008720000, 152, 8);
INSERT INTO historical_dividend (dividend, ex_dividend_date, id, stock_id) VALUES (0.435, 1040083200, 153, 8);
INSERT INTO historical_dividend (dividend, ex_dividend_date, id, stock_id) VALUES (0.5, 1071619200, 154, 8);
INSERT INTO historical_dividend (dividend, ex_dividend_date, id, stock_id) VALUES (0.6, 1102636800, 155, 8);
INSERT INTO historical_dividend (dividend, ex_dividend_date, id, stock_id) VALUES (0.7, 1134604800, 156, 8);
INSERT INTO historical_dividend (dividend, ex_dividend_date, id, stock_id) VALUES (0.8, 1166054400, 157, 8);
INSERT INTO historical_dividend (dividend, ex_dividend_date, id, stock_id) VALUES (1.8, 1198022400, 158, 8);
INSERT INTO historical_dividend (dividend, ex_dividend_date, id, stock_id) VALUES (1.2, 1229558400, 159, 8);
INSERT INTO historical_dividend (dividend, ex_dividend_date, id, stock_id) VALUES (1.4, 1259712000, 160, 8);
INSERT INTO historical_dividend (dividend, ex_dividend_date, id, stock_id) VALUES (2, 1291248000, 161, 8);
INSERT INTO historical_dividend (dividend, ex_dividend_date, id, stock_id) VALUES (2.8, 1323302400, 162, 8);
INSERT INTO historical_dividend (dividend, ex_dividend_date, id, stock_id) VALUES (4, 1355270400, 163, 8);
INSERT INTO historical_dividend (dividend, ex_dividend_date, id, stock_id) VALUES (3, 1367798400, 164, 8);
INSERT INTO historical_dividend (dividend, ex_dividend_date, id, stock_id) VALUES (7, 1386288000, 165, 8);
INSERT INTO historical_dividend (dividend, ex_dividend_date, id, stock_id) VALUES (4.5, 1399593600, 166, 8);
INSERT INTO historical_dividend (dividend, ex_dividend_date, id, stock_id) VALUES (7.5, 1417737600, 167, 8);
INSERT INTO historical_dividend (dividend, ex_dividend_date, id, stock_id) VALUES (4.5, 1430956800, 168, 8);
INSERT INTO historical_dividend (dividend, ex_dividend_date, id, stock_id) VALUES (8, 1449705600, 169, 8);
INSERT INTO historical_dividend (dividend, ex_dividend_date, id, stock_id) VALUES (4.5, 1462752000, 170, 8);
INSERT INTO historical_dividend (dividend, ex_dividend_date, id, stock_id) VALUES (9, 1480982400, 171, 8);
INSERT INTO historical_dividend (dividend, ex_dividend_date, id, stock_id) VALUES (4.5, 1494201600, 172, 8);
INSERT INTO historical_dividend (dividend, ex_dividend_date, id, stock_id) VALUES (10.5, 1512691200, 173, 8);
INSERT INTO historical_dividend (dividend, ex_dividend_date, id, stock_id) VALUES (5, 1525651200, 174, 8);
INSERT INTO historical_dividend (dividend, ex_dividend_date, id, stock_id) VALUES (11, 1544054400, 175, 8);
INSERT INTO historical_dividend (dividend, ex_dividend_date, id, stock_id) VALUES (5, 1557100800, 176, 8);
INSERT INTO historical_dividend (dividend, ex_dividend_date, id, stock_id) VALUES (12, 1575590400, 177, 8);
INSERT INTO historical_dividend (dividend, ex_dividend_date, id, stock_id) VALUES (5, 1589155200, 178, 8);
INSERT INTO historical_dividend (dividend, ex_dividend_date, id, stock_id) VALUES (13, 1607040000, 179, 8);
INSERT INTO historical_dividend (dividend, ex_dividend_date, id, stock_id) VALUES (5, 1620604800, 180, 8);
INSERT INTO historical_dividend (dividend, ex_dividend_date, id, stock_id) VALUES (14, 1638489600, 181, 8);
INSERT INTO historical_dividend (dividend, ex_dividend_date, id, stock_id) VALUES (5, 1652054400, 182, 8);
INSERT INTO historical_dividend (dividend, ex_dividend_date, id, stock_id) VALUES (15, 1669939200, 183, 8);
INSERT INTO historical_dividend (dividend, ex_dividend_date, id, stock_id) VALUES (5, 1684108800, 184, 8);
INSERT INTO historical_dividend (dividend, ex_dividend_date, id, stock_id) VALUES (16, 1701993600, 185, 8);
INSERT INTO historical_dividend (dividend, ex_dividend_date, id, stock_id) VALUES (5, 1715558400, 186, 8);
INSERT INTO historical_dividend (dividend, ex_dividend_date, id, stock_id) VALUES (4.071624, 985737600, 187, 9);
INSERT INTO historical_dividend (dividend, ex_dividend_date, id, stock_id) VALUES (4.395503, 1016582400, 188, 9);
INSERT INTO historical_dividend (dividend, ex_dividend_date, id, stock_id) VALUES (4.395503, 1048636800, 189, 9);
INSERT INTO historical_dividend (dividend, ex_dividend_date, id, stock_id) VALUES (6.061167, 1080086400, 190, 9);
INSERT INTO historical_dividend (dividend, ex_dividend_date, id, stock_id) VALUES (7.264147, 1110931200, 191, 9);
INSERT INTO historical_dividend (dividend, ex_dividend_date, id, stock_id) VALUES (9.25369, 1142380800, 192, 9);
INSERT INTO historical_dividend (dividend, ex_dividend_date, id, stock_id) VALUES (7.17161, 1173225600, 193, 9);
INSERT INTO historical_dividend (dividend, ex_dividend_date, id, stock_id) VALUES (7.865636, 1204675200, 194, 9);
INSERT INTO historical_dividend (dividend, ex_dividend_date, id, stock_id) VALUES (2, 1395187200, 195, 9);
INSERT INTO historical_dividend (dividend, ex_dividend_date, id, stock_id) VALUES (5.5, 1426723200, 196, 9);
INSERT INTO historical_dividend (dividend, ex_dividend_date, id, stock_id) VALUES (8, 1458259200, 197, 9);
INSERT INTO historical_dividend (dividend, ex_dividend_date, id, stock_id) VALUES (9, 1489708800, 198, 9);
INSERT INTO historical_dividend (dividend, ex_dividend_date, id, stock_id) VALUES (10, 1521158400, 199, 9);
INSERT INTO historical_dividend (dividend, ex_dividend_date, id, stock_id) VALUES (8.5, 1552953600, 200, 9);
INSERT INTO historical_dividend (dividend, ex_dividend_date, id, stock_id) VALUES (2, 1615939200, 201, 9);
INSERT INTO historical_dividend (dividend, ex_dividend_date, id, stock_id) VALUES (2, 1647561600, 202, 9);
INSERT INTO historical_dividend (dividend, ex_dividend_date, id, stock_id) VALUES (7, 1690156800, 203, 9);
INSERT INTO historical_dividend (dividend, ex_dividend_date, id, stock_id) VALUES (7.5, 1711065600, 204, 9);
INSERT INTO historical_dividend (dividend, ex_dividend_date, id, stock_id) VALUES (7.5, 1721606400, 205, 9);
INSERT INTO historical_dividend (dividend, ex_dividend_date, id, stock_id) VALUES (0.06, 976492800, 206, 11);
INSERT INTO historical_dividend (dividend, ex_dividend_date, id, stock_id) VALUES (0.06, 1022457600, 207, 11);
INSERT INTO historical_dividend (dividend, ex_dividend_date, id, stock_id) VALUES (0.12, 1053302400, 208, 11);
INSERT INTO historical_dividend (dividend, ex_dividend_date, id, stock_id) VALUES (0.21, 1082678400, 209, 11);
INSERT INTO historical_dividend (dividend, ex_dividend_date, id, stock_id) VALUES (0.75, 1114992000, 210, 11);
INSERT INTO historical_dividend (dividend, ex_dividend_date, id, stock_id) VALUES (0.25, 1146441600, 211, 11);
INSERT INTO historical_dividend (dividend, ex_dividend_date, id, stock_id) VALUES (0.25, 1177977600, 212, 11);
INSERT INTO historical_dividend (dividend, ex_dividend_date, id, stock_id) VALUES (0.25, 1209686400, 213, 11);
INSERT INTO historical_dividend (dividend, ex_dividend_date, id, stock_id) VALUES (0.25, 1241136000, 214, 11);
INSERT INTO historical_dividend (dividend, ex_dividend_date, id, stock_id) VALUES (0.25, 1269820800, 215, 11);
INSERT INTO historical_dividend (dividend, ex_dividend_date, id, stock_id) VALUES (0.5, 1301011200, 216, 11);
INSERT INTO historical_dividend (dividend, ex_dividend_date, id, stock_id) VALUES (1, 1332374400, 217, 11);
INSERT INTO historical_dividend (dividend, ex_dividend_date, id, stock_id) VALUES (1.25, 1363910400, 218, 11);
INSERT INTO historical_dividend (dividend, ex_dividend_date, id, stock_id) VALUES (1.5, 1395014400, 219, 11);
INSERT INTO historical_dividend (dividend, ex_dividend_date, id, stock_id) VALUES (1.6, 1426204800, 220, 11);
INSERT INTO historical_dividend (dividend, ex_dividend_date, id, stock_id) VALUES (1.7, 1457654400, 221, 11);
INSERT INTO historical_dividend (dividend, ex_dividend_date, id, stock_id) VALUES (1.8, 1489104000, 222, 11);
INSERT INTO historical_dividend (dividend, ex_dividend_date, id, stock_id) VALUES (2, 1520553600, 223, 11);
INSERT INTO historical_dividend (dividend, ex_dividend_date, id, stock_id) VALUES (2.25, 1552867200, 224, 11);
INSERT INTO historical_dividend (dividend, ex_dividend_date, id, stock_id) VALUES (2.5, 1584403200, 225, 11);
INSERT INTO historical_dividend (dividend, ex_dividend_date, id, stock_id) VALUES (4, 1613433600, 226, 11);
INSERT INTO historical_dividend (dividend, ex_dividend_date, id, stock_id) VALUES (4, 1615852800, 227, 11);
INSERT INTO historical_dividend (dividend, ex_dividend_date, id, stock_id) VALUES (5.5, 1647561600, 228, 11);
INSERT INTO historical_dividend (dividend, ex_dividend_date, id, stock_id) VALUES (6.5, 1679011200, 229, 11);
INSERT INTO historical_dividend (dividend, ex_dividend_date, id, stock_id) VALUES (7, 1710460800, 230, 11);
INSERT INTO historical_dividend (dividend, ex_dividend_date, id, stock_id) VALUES (0.6, 988329600, 231, 13);
INSERT INTO historical_dividend (dividend, ex_dividend_date, id, stock_id) VALUES (0.6, 1080777600, 232, 13);
INSERT INTO historical_dividend (dividend, ex_dividend_date, id, stock_id) VALUES (0.6, 1110844800, 233, 13);
INSERT INTO historical_dividend (dividend, ex_dividend_date, id, stock_id) VALUES (0.6, 1142985600, 234, 13);
INSERT INTO historical_dividend (dividend, ex_dividend_date, id, stock_id) VALUES (0.19, 1301270400, 235, 13);
INSERT INTO historical_dividend (dividend, ex_dividend_date, id, stock_id) VALUES (0.27, 1332460800, 236, 13);
INSERT INTO historical_dividend (dividend, ex_dividend_date, id, stock_id) VALUES (0.49, 1363910400, 237, 13);
INSERT INTO historical_dividend (dividend, ex_dividend_date, id, stock_id) VALUES (0.84, 1395619200, 238, 13);
INSERT INTO historical_dividend (dividend, ex_dividend_date, id, stock_id) VALUES (0.9, 1426809600, 239, 13);
INSERT INTO historical_dividend (dividend, ex_dividend_date, id, stock_id) VALUES (0.99, 1457654400, 240, 13);
INSERT INTO historical_dividend (dividend, ex_dividend_date, id, stock_id) VALUES (1.15, 1489536000, 241, 13);
INSERT INTO historical_dividend (dividend, ex_dividend_date, id, stock_id) VALUES (1.25, 1520985600, 242, 13);
INSERT INTO historical_dividend (dividend, ex_dividend_date, id, stock_id) VALUES (1.35, 1553212800, 243, 13);
INSERT INTO historical_dividend (dividend, ex_dividend_date, id, stock_id) VALUES (1.45, 1583971200, 244, 13);
INSERT INTO historical_dividend (dividend, ex_dividend_date, id, stock_id) VALUES (1.45, 1616025600, 245, 13);
INSERT INTO historical_dividend (dividend, ex_dividend_date, id, stock_id) VALUES (1.55, 1646870400, 246, 13);
INSERT INTO historical_dividend (dividend, ex_dividend_date, id, stock_id) VALUES (4.9, 1429142400, 247, 14);
INSERT INTO historical_dividend (dividend, ex_dividend_date, id, stock_id) VALUES (7.4, 1459900800, 248, 14);
INSERT INTO historical_dividend (dividend, ex_dividend_date, id, stock_id) VALUES (4, 1478649600, 249, 14);
INSERT INTO historical_dividend (dividend, ex_dividend_date, id, stock_id) VALUES (7.7, 1490918400, 250, 14);
INSERT INTO historical_dividend (dividend, ex_dividend_date, id, stock_id) VALUES (7.7, 1523491200, 251, 14);
INSERT INTO historical_dividend (dividend, ex_dividend_date, id, stock_id) VALUES (7.7, 1554940800, 252, 14);
INSERT INTO historical_dividend (dividend, ex_dividend_date, id, stock_id) VALUES (2.1, 1681430400, 253, 14);
INSERT INTO historical_dividend (dividend, ex_dividend_date, id, stock_id) VALUES (2.3, 1712880000, 254, 14);
INSERT INTO historical_dividend (dividend, ex_dividend_date, id, stock_id) VALUES (5.25, 1458172800, 255, 15);
INSERT INTO historical_dividend (dividend, ex_dividend_date, id, stock_id) VALUES (5.25, 1490140800, 256, 15);
INSERT INTO historical_dividend (dividend, ex_dividend_date, id, stock_id) VALUES (5.6, 1496707200, 257, 15);
INSERT INTO historical_dividend (dividend, ex_dividend_date, id, stock_id) VALUES (5.85, 1521590400, 258, 15);
INSERT INTO historical_dividend (dividend, ex_dividend_date, id, stock_id) VALUES (5.89, 1530662400, 259, 15);
INSERT INTO historical_dividend (dividend, ex_dividend_date, id, stock_id) VALUES (7.78, 1701648000, 260, 15);
INSERT INTO historical_dividend (dividend, ex_dividend_date, id, stock_id) VALUES (3.242371, 1017878400, 261, 16);
INSERT INTO historical_dividend (dividend, ex_dividend_date, id, stock_id) VALUES (3.242371, 1049414400, 262, 16);
INSERT INTO historical_dividend (dividend, ex_dividend_date, id, stock_id) VALUES (6.484742, 1080864000, 263, 16);
INSERT INTO historical_dividend (dividend, ex_dividend_date, id, stock_id) VALUES (6.484742, 1112832000, 264, 16);
INSERT INTO historical_dividend (dividend, ex_dividend_date, id, stock_id) VALUES (9.727113, 1144368000, 265, 16);
INSERT INTO historical_dividend (dividend, ex_dividend_date, id, stock_id) VALUES (8.105927, 1176336000, 266, 16);
INSERT INTO historical_dividend (dividend, ex_dividend_date, id, stock_id) VALUES (8.91652, 1207872000, 267, 16);
INSERT INTO historical_dividend (dividend, ex_dividend_date, id, stock_id) VALUES (2.837075, 1269561600, 268, 16);
INSERT INTO historical_dividend (dividend, ex_dividend_date, id, stock_id) VALUES (1.621185, 1300924800, 269, 16);
INSERT INTO historical_dividend (dividend, ex_dividend_date, id, stock_id) VALUES (1.621185, 1333065600, 270, 16);
INSERT INTO historical_dividend (dividend, ex_dividend_date, id, stock_id) VALUES (6.484742, 1363910400, 271, 16);
INSERT INTO historical_dividend (dividend, ex_dividend_date, id, stock_id) VALUES (2.837075, 1395792000, 272, 16);
INSERT INTO historical_dividend (dividend, ex_dividend_date, id, stock_id) VALUES (3.242371, 1427328000, 273, 16);
INSERT INTO historical_dividend (dividend, ex_dividend_date, id, stock_id) VALUES (3.242371, 1459468800, 274, 16);
INSERT INTO historical_dividend (dividend, ex_dividend_date, id, stock_id) VALUES (1.894492, 986947200, 275, 17);
INSERT INTO historical_dividend (dividend, ex_dividend_date, id, stock_id) VALUES (0.217867, 1019692800, 276, 17);
INSERT INTO historical_dividend (dividend, ex_dividend_date, id, stock_id) VALUES (0.217867, 1051228800, 277, 17);
INSERT INTO historical_dividend (dividend, ex_dividend_date, id, stock_id) VALUES (0.236811, 1080777600, 278, 17);
INSERT INTO historical_dividend (dividend, ex_dividend_date, id, stock_id) VALUES (0.265229, 1113177600, 279, 17);
INSERT INTO historical_dividend (dividend, ex_dividend_date, id, stock_id) VALUES (0.331536, 1144281600, 280, 17);
INSERT INTO historical_dividend (dividend, ex_dividend_date, id, stock_id) VALUES (0.464151, 1176681600, 281, 17);
INSERT INTO historical_dividend (dividend, ex_dividend_date, id, stock_id) VALUES (0.473623, 1207267200, 282, 17);
INSERT INTO historical_dividend (dividend, ex_dividend_date, id, stock_id) VALUES (2.17, 1238716800, 283, 17);
INSERT INTO historical_dividend (dividend, ex_dividend_date, id, stock_id) VALUES (2.41, 1269561600, 284, 17);
INSERT INTO historical_dividend (dividend, ex_dividend_date, id, stock_id) VALUES (0.29, 1301011200, 285, 17);
INSERT INTO historical_dividend (dividend, ex_dividend_date, id, stock_id) VALUES (0.26, 1332460800, 286, 17);
INSERT INTO historical_dividend (dividend, ex_dividend_date, id, stock_id) VALUES (0.34, 1363305600, 287, 17);
INSERT INTO historical_dividend (dividend, ex_dividend_date, id, stock_id) VALUES (0.43, 1395360000, 288, 17);
INSERT INTO historical_dividend (dividend, ex_dividend_date, id, stock_id) VALUES (0.62, 1426809600, 289, 17);
INSERT INTO historical_dividend (dividend, ex_dividend_date, id, stock_id) VALUES (0.64, 1458259200, 290, 17);
INSERT INTO historical_dividend (dividend, ex_dividend_date, id, stock_id) VALUES (0.65, 1489708800, 291, 17);
INSERT INTO historical_dividend (dividend, ex_dividend_date, id, stock_id) VALUES (0.68, 1521158400, 292, 17);
INSERT INTO historical_dividend (dividend, ex_dividend_date, id, stock_id) VALUES (0.69, 1553817600, 293, 17);
INSERT INTO historical_dividend (dividend, ex_dividend_date, id, stock_id) VALUES (0.4, 1585180800, 294, 17);
INSERT INTO historical_dividend (dividend, ex_dividend_date, id, stock_id) VALUES (0.07, 1613692800, 295, 17);
INSERT INTO historical_dividend (dividend, ex_dividend_date, id, stock_id) VALUES (0.72, 1633305600, 296, 17);
INSERT INTO historical_dividend (dividend, ex_dividend_date, id, stock_id) VALUES (0.69, 1648166400, 297, 17);
INSERT INTO historical_dividend (dividend, ex_dividend_date, id, stock_id) VALUES (0.8, 1679616000, 298, 17);
INSERT INTO historical_dividend (dividend, ex_dividend_date, id, stock_id) VALUES (0.92, 1711065600, 299, 17);
INSERT INTO historical_dividend (dividend, ex_dividend_date, id, stock_id) VALUES (0.33, 985219200, 300, 18);
INSERT INTO historical_dividend (dividend, ex_dividend_date, id, stock_id) VALUES (0.4, 1016668800, 301, 18);
INSERT INTO historical_dividend (dividend, ex_dividend_date, id, stock_id) VALUES (0.45, 1048118400, 302, 18);
INSERT INTO historical_dividend (dividend, ex_dividend_date, id, stock_id) VALUES (0.63, 1079568000, 303, 18);
INSERT INTO historical_dividend (dividend, ex_dividend_date, id, stock_id) VALUES (0.7, 1111017600, 304, 18);
INSERT INTO historical_dividend (dividend, ex_dividend_date, id, stock_id) VALUES (0.8, 1141257600, 305, 18);
INSERT INTO historical_dividend (dividend, ex_dividend_date, id, stock_id) VALUES (0.9, 1173398400, 306, 18);
INSERT INTO historical_dividend (dividend, ex_dividend_date, id, stock_id) VALUES (1, 1204761600, 307, 18);
INSERT INTO historical_dividend (dividend, ex_dividend_date, id, stock_id) VALUES (1.05, 1236211200, 308, 18);
INSERT INTO historical_dividend (dividend, ex_dividend_date, id, stock_id) VALUES (1.15, 1267660800, 309, 18);
INSERT INTO historical_dividend (dividend, ex_dividend_date, id, stock_id) VALUES (1.6, 1299110400, 310, 18);
INSERT INTO historical_dividend (dividend, ex_dividend_date, id, stock_id) VALUES (1.9, 1330560000, 311, 18);
INSERT INTO historical_dividend (dividend, ex_dividend_date, id, stock_id) VALUES (2.2, 1362096000, 312, 18);
INSERT INTO historical_dividend (dividend, ex_dividend_date, id, stock_id) VALUES (2.5, 1393459200, 313, 18);
INSERT INTO historical_dividend (dividend, ex_dividend_date, id, stock_id) VALUES (3, 1424908800, 314, 18);
INSERT INTO historical_dividend (dividend, ex_dividend_date, id, stock_id) VALUES (3.5, 1456358400, 315, 18);
INSERT INTO historical_dividend (dividend, ex_dividend_date, id, stock_id) VALUES (4, 1487808000, 316, 18);
INSERT INTO historical_dividend (dividend, ex_dividend_date, id, stock_id) VALUES (4.5, 1520985600, 317, 18);
INSERT INTO historical_dividend (dividend, ex_dividend_date, id, stock_id) VALUES (5, 1551312000, 318, 18);
INSERT INTO historical_dividend (dividend, ex_dividend_date, id, stock_id) VALUES (5.25, 1582761600, 319, 18);
INSERT INTO historical_dividend (dividend, ex_dividend_date, id, stock_id) VALUES (5.25, 1615507200, 320, 18);
INSERT INTO historical_dividend (dividend, ex_dividend_date, id, stock_id) VALUES (5.5, 1647475200, 321, 18);
INSERT INTO historical_dividend (dividend, ex_dividend_date, id, stock_id) VALUES (6, 1677801600, 322, 18);
INSERT INTO historical_dividend (dividend, ex_dividend_date, id, stock_id) VALUES (4.2, 1696982400, 323, 18);
INSERT INTO historical_dividend (dividend, ex_dividend_date, id, stock_id) VALUES (2, 1714521600, 324, 18);
INSERT INTO historical_dividend (dividend, ex_dividend_date, id, stock_id) VALUES (2, 1724889600, 325, 18);
INSERT INTO historical_dividend (dividend, ex_dividend_date, id, stock_id) VALUES (5, 1302480000, 326, 19);
INSERT INTO historical_dividend (dividend, ex_dividend_date, id, stock_id) VALUES (5.5, 1332288000, 327, 19);
INSERT INTO historical_dividend (dividend, ex_dividend_date, id, stock_id) VALUES (5.5, 1363824000, 328, 19);
INSERT INTO historical_dividend (dividend, ex_dividend_date, id, stock_id) VALUES (6.5, 1395273600, 329, 19);
INSERT INTO historical_dividend (dividend, ex_dividend_date, id, stock_id) VALUES (9, 1426723200, 330, 19);
INSERT INTO historical_dividend (dividend, ex_dividend_date, id, stock_id) VALUES (13, 1458172800, 331, 19);
INSERT INTO historical_dividend (dividend, ex_dividend_date, id, stock_id) VALUES (9, 1489622400, 332, 19);
INSERT INTO historical_dividend (dividend, ex_dividend_date, id, stock_id) VALUES (9, 1494892800, 333, 19);
INSERT INTO historical_dividend (dividend, ex_dividend_date, id, stock_id) VALUES (9, 1502755200, 334, 19);
INSERT INTO historical_dividend (dividend, ex_dividend_date, id, stock_id) VALUES (9, 1510617600, 335, 19);
INSERT INTO historical_dividend (dividend, ex_dividend_date, id, stock_id) VALUES (9, 1521072000, 336, 19);
INSERT INTO historical_dividend (dividend, ex_dividend_date, id, stock_id) VALUES (9, 1534809600, 337, 19);
INSERT INTO historical_dividend (dividend, ex_dividend_date, id, stock_id) VALUES (9, 1552521600, 338, 19);
INSERT INTO historical_dividend (dividend, ex_dividend_date, id, stock_id) VALUES (9, 1583971200, 339, 19);
INSERT INTO historical_dividend (dividend, ex_dividend_date, id, stock_id) VALUES (5, 1620777600, 340, 19);
INSERT INTO historical_dividend (dividend, ex_dividend_date, id, stock_id) VALUES (5, 1630022400, 341, 19);
INSERT INTO historical_dividend (dividend, ex_dividend_date, id, stock_id) VALUES (5, 1636934400, 342, 19);
INSERT INTO historical_dividend (dividend, ex_dividend_date, id, stock_id) VALUES (16, 1646956800, 343, 19);
INSERT INTO historical_dividend (dividend, ex_dividend_date, id, stock_id) VALUES (16, 1679011200, 344, 19);
INSERT INTO historical_dividend (dividend, ex_dividend_date, id, stock_id) VALUES (18, 1710460800, 345, 19);
INSERT INTO historical_dividend (dividend, ex_dividend_date, id, stock_id) VALUES (3.3, 959212800, 346, 20);
INSERT INTO historical_dividend (dividend, ex_dividend_date, id, stock_id) VALUES (3.3, 990489600, 347, 20);
INSERT INTO historical_dividend (dividend, ex_dividend_date, id, stock_id) VALUES (3.3, 1023062400, 348, 20);
INSERT INTO historical_dividend (dividend, ex_dividend_date, id, stock_id) VALUES (3.3, 1082419200, 349, 20);
INSERT INTO historical_dividend (dividend, ex_dividend_date, id, stock_id) VALUES (4, 1113868800, 350, 20);
INSERT INTO historical_dividend (dividend, ex_dividend_date, id, stock_id) VALUES (4.8, 1146441600, 351, 20);
INSERT INTO historical_dividend (dividend, ex_dividend_date, id, stock_id) VALUES (9.6, 1177545600, 352, 20);
INSERT INTO historical_dividend (dividend, ex_dividend_date, id, stock_id) VALUES (14.4, 1208995200, 353, 20);
INSERT INTO historical_dividend (dividend, ex_dividend_date, id, stock_id) VALUES (9.6, 1240444800, 354, 20);
INSERT INTO historical_dividend (dividend, ex_dividend_date, id, stock_id) VALUES (9.6, 1271894400, 355, 20);
INSERT INTO historical_dividend (dividend, ex_dividend_date, id, stock_id) VALUES (9.6, 1303948800, 356, 20);
INSERT INTO historical_dividend (dividend, ex_dividend_date, id, stock_id) VALUES (9.6, 1334793600, 357, 20);
INSERT INTO historical_dividend (dividend, ex_dividend_date, id, stock_id) VALUES (10.2, 1366243200, 358, 20);
INSERT INTO historical_dividend (dividend, ex_dividend_date, id, stock_id) VALUES (10.4, 1397088000, 359, 20);
INSERT INTO historical_dividend (dividend, ex_dividend_date, id, stock_id) VALUES (11.3, 1429142400, 360, 20);
INSERT INTO historical_dividend (dividend, ex_dividend_date, id, stock_id) VALUES (11.5, 1459987200, 361, 20);
INSERT INTO historical_dividend (dividend, ex_dividend_date, id, stock_id) VALUES (18.8, 1491436800, 362, 20);
INSERT INTO historical_dividend (dividend, ex_dividend_date, id, stock_id) VALUES (24.1, 1523491200, 363, 20);
INSERT INTO historical_dividend (dividend, ex_dividend_date, id, stock_id) VALUES (29.9, 1554336000, 364, 20);
INSERT INTO historical_dividend (dividend, ex_dividend_date, id, stock_id) VALUES (32, 1585785600, 365, 20);
INSERT INTO historical_dividend (dividend, ex_dividend_date, id, stock_id) VALUES (32, 1617840000, 366, 20);
INSERT INTO historical_dividend (dividend, ex_dividend_date, id, stock_id) VALUES (35, 1649289600, 367, 20);
INSERT INTO historical_dividend (dividend, ex_dividend_date, id, stock_id) VALUES (35, 1680134400, 368, 20);
INSERT INTO historical_dividend (dividend, ex_dividend_date, id, stock_id) VALUES (43, 1712793600, 369, 20);
INSERT INTO historical_dividend (dividend, ex_dividend_date, id, stock_id) VALUES (0.646793, 959299200, 370, 21);
INSERT INTO historical_dividend (dividend, ex_dividend_date, id, stock_id) VALUES (0.646793, 991353600, 371, 21);
INSERT INTO historical_dividend (dividend, ex_dividend_date, id, stock_id) VALUES (0.646793, 1022630400, 372, 21);
INSERT INTO historical_dividend (dividend, ex_dividend_date, id, stock_id) VALUES (1.077988, 1051142400, 373, 21);
INSERT INTO historical_dividend (dividend, ex_dividend_date, id, stock_id) VALUES (1.077988, 1083110400, 374, 21);
INSERT INTO historical_dividend (dividend, ex_dividend_date, id, stock_id) VALUES (1.293586, 1113868800, 375, 21);
INSERT INTO historical_dividend (dividend, ex_dividend_date, id, stock_id) VALUES (1.437318, 1146182400, 376, 21);
INSERT INTO historical_dividend (dividend, ex_dividend_date, id, stock_id) VALUES (1.437318, 1177977600, 377, 21);
INSERT INTO historical_dividend (dividend, ex_dividend_date, id, stock_id) VALUES (1.437318, 1209427200, 378, 21);
INSERT INTO historical_dividend (dividend, ex_dividend_date, id, stock_id) VALUES (2.5, 1304035200, 379, 21);
INSERT INTO historical_dividend (dividend, ex_dividend_date, id, stock_id) VALUES (3.4, 1335744000, 380, 21);
INSERT INTO historical_dividend (dividend, ex_dividend_date, id, stock_id) VALUES (3.4, 1335830400, 381, 21);
INSERT INTO historical_dividend (dividend, ex_dividend_date, id, stock_id) VALUES (3.85, 1367280000, 382, 21);
INSERT INTO historical_dividend (dividend, ex_dividend_date, id, stock_id) VALUES (6.8, 1430265600, 383, 21);
INSERT INTO historical_dividend (dividend, ex_dividend_date, id, stock_id) VALUES (7.2, 1461801600, 384, 21);
INSERT INTO historical_dividend (dividend, ex_dividend_date, id, stock_id) VALUES (8.15, 1493337600, 385, 21);
INSERT INTO historical_dividend (dividend, ex_dividend_date, id, stock_id) VALUES (8.9, 1524614400, 386, 21);
INSERT INTO historical_dividend (dividend, ex_dividend_date, id, stock_id) VALUES (10.8, 1556236800, 387, 21);
INSERT INTO historical_dividend (dividend, ex_dividend_date, id, stock_id) VALUES (12.2, 1588118400, 388, 21);
INSERT INTO historical_dividend (dividend, ex_dividend_date, id, stock_id) VALUES (12.2, 1598832000, 389, 21);
INSERT INTO historical_dividend (dividend, ex_dividend_date, id, stock_id) VALUES (13.5, 1619654400, 390, 21);
INSERT INTO historical_dividend (dividend, ex_dividend_date, id, stock_id) VALUES (14.5, 1651190400, 391, 21);
INSERT INTO historical_dividend (dividend, ex_dividend_date, id, stock_id) VALUES (14.5, 1682640000, 392, 21);
INSERT INTO historical_dividend (dividend, ex_dividend_date, id, stock_id) VALUES (14.5, 1727740800, 393, 21);
INSERT INTO historical_dividend (dividend, ex_dividend_date, id, stock_id) VALUES (41229.387, 1188777600, 394, 22);
INSERT INTO historical_dividend (dividend, ex_dividend_date, id, stock_id) VALUES (6746.6265, 1208908800, 395, 22);
INSERT INTO historical_dividend (dividend, ex_dividend_date, id, stock_id) VALUES (5997.0015, 1240444800, 396, 22);
INSERT INTO historical_dividend (dividend, ex_dividend_date, id, stock_id) VALUES (0.4, 1471996800, 397, 22);
INSERT INTO historical_dividend (dividend, ex_dividend_date, id, stock_id) VALUES (0.1, 1587081600, 398, 22);
INSERT INTO historical_dividend (dividend, ex_dividend_date, id, stock_id) VALUES (0.85, 1598400000, 399, 22);
INSERT INTO historical_dividend (dividend, ex_dividend_date, id, stock_id) VALUES (0.58, 1661904000, 400, 22);
INSERT INTO historical_dividend (dividend, ex_dividend_date, id, stock_id) VALUES (1.46, 1669075200, 401, 22);
INSERT INTO historical_dividend (dividend, ex_dividend_date, id, stock_id) VALUES (2.59, 1679616000, 402, 22);
INSERT INTO historical_dividend (dividend, ex_dividend_date, id, stock_id) VALUES (1.46, 1684713600, 403, 22);
INSERT INTO historical_dividend (dividend, ex_dividend_date, id, stock_id) VALUES (1.5, 1693180800, 404, 22);
INSERT INTO historical_dividend (dividend, ex_dividend_date, id, stock_id) VALUES (1.46, 1700524800, 405, 22);
INSERT INTO historical_dividend (dividend, ex_dividend_date, id, stock_id) VALUES (1.36, 1713139200, 406, 22);
INSERT INTO historical_dividend (dividend, ex_dividend_date, id, stock_id) VALUES (1.5, 1716249600, 407, 22);
INSERT INTO historical_dividend (dividend, ex_dividend_date, id, stock_id) VALUES (1.8, 1724803200, 408, 22);
INSERT INTO historical_dividend (dividend, ex_dividend_date, id, stock_id) VALUES (1.2, 1732060800, 409, 22);
INSERT INTO historical_dividend (dividend, ex_dividend_date, id, stock_id) VALUES (0.2, 988934400, 410, 23);
INSERT INTO historical_dividend (dividend, ex_dividend_date, id, stock_id) VALUES (0.3, 1019174400, 411, 23);
INSERT INTO historical_dividend (dividend, ex_dividend_date, id, stock_id) VALUES (0.78, 1427760000, 412, 23);
INSERT INTO historical_dividend (dividend, ex_dividend_date, id, stock_id) VALUES (1.364, 1459382400, 413, 23);
INSERT INTO historical_dividend (dividend, ex_dividend_date, id, stock_id) VALUES (1.942, 1491523200, 414, 23);
INSERT INTO historical_dividend (dividend, ex_dividend_date, id, stock_id) VALUES (1.846, 1522800000, 415, 23);
INSERT INTO historical_dividend (dividend, ex_dividend_date, id, stock_id) VALUES (1.488, 1554336000, 416, 23);
INSERT INTO historical_dividend (dividend, ex_dividend_date, id, stock_id) VALUES (1.586, 1586304000, 417, 23);
INSERT INTO historical_dividend (dividend, ex_dividend_date, id, stock_id) VALUES (1.69, 1617926400, 418, 23);
INSERT INTO historical_dividend (dividend, ex_dividend_date, id, stock_id) VALUES (0.37, 1649203200, 419, 23);
INSERT INTO historical_dividend (dividend, ex_dividend_date, id, stock_id) VALUES (6, 1488412800, 420, 24);
INSERT INTO historical_dividend (dividend, ex_dividend_date, id, stock_id) VALUES (9, 1520553600, 421, 24);
INSERT INTO historical_dividend (dividend, ex_dividend_date, id, stock_id) VALUES (9.75, 1551830400, 422, 24);
INSERT INTO historical_dividend (dividend, ex_dividend_date, id, stock_id) VALUES (10.5, 1583193600, 423, 24);
INSERT INTO historical_dividend (dividend, ex_dividend_date, id, stock_id) VALUES (11.5, 1614643200, 424, 24);
INSERT INTO historical_dividend (dividend, ex_dividend_date, id, stock_id) VALUES (12.5, 1649635200, 425, 24);
INSERT INTO historical_dividend (dividend, ex_dividend_date, id, stock_id) VALUES (13.5, 1678233600, 426, 24);

-- INSERT INTO historical_pricing (opening_price, previous_daily_closing_price, closing_date, id, opening_date, stock_id) VALUES (11210, 11230, 1732559531, 1, 1732645931, 1);

INSERT INTO historical_pricing (opening_price, previous_daily_closing_price, closing_date, id, opening_date, stock_id) VALUES (11210, 11230, 1420070400, 1, 1420156800, 1);
INSERT INTO historical_pricing (opening_price, previous_daily_closing_price, closing_date, id, opening_date, stock_id) VALUES (11450, 11460, 1451606400, 2, 1451692800, 1);
INSERT INTO historical_pricing (opening_price, previous_daily_closing_price, closing_date, id, opening_date, stock_id) VALUES (11800, 11790, 1483228800, 3, 1483315200, 1);
INSERT INTO historical_pricing (opening_price, previous_daily_closing_price, closing_date, id, opening_date, stock_id) VALUES (12500, 12450, 1515120000, 4, 1515206400, 1);
INSERT INTO historical_pricing (opening_price, previous_daily_closing_price, closing_date, id, opening_date, stock_id) VALUES (13050, 13100, 1546300800, 5, 1546387200, 1);
INSERT INTO historical_pricing (opening_price, previous_daily_closing_price, closing_date, id, opening_date, stock_id) VALUES (14000, 13950, 1577836800, 6, 1577923200, 1);
INSERT INTO historical_pricing (opening_price, previous_daily_closing_price, closing_date, id, opening_date, stock_id) VALUES (15000, 14900, 1609459200, 7, 1609545600, 1);
INSERT INTO historical_pricing (opening_price, previous_daily_closing_price, closing_date, id, opening_date, stock_id) VALUES (15500, 15450, 1640995200, 8, 1641081600, 1);
INSERT INTO historical_pricing (opening_price, previous_daily_closing_price, closing_date, id, opening_date, stock_id) VALUES (15750, 15800, 1672531200, 9, 1672617600, 1);
INSERT INTO historical_pricing (opening_price, previous_daily_closing_price, closing_date, id, opening_date, stock_id) VALUES (16200, 16150, 1704067200, 10, 1704153600, 1);

INSERT INTO historical_pricing (opening_price, previous_daily_closing_price, closing_date, id, opening_date, stock_id) VALUES (11585, 11640, 1732559549, 11, 1732645949, 2);
INSERT INTO historical_pricing (opening_price, previous_daily_closing_price, closing_date, id, opening_date, stock_id) VALUES (745.4, 745.4, 1732559567, 12, 1732645967, 3);
INSERT INTO historical_pricing (opening_price, previous_daily_closing_price, closing_date, id, opening_date, stock_id) VALUES (113.35, 114.2, 1732559585, 13, 1732645985, 4);
INSERT INTO historical_pricing (opening_price, previous_daily_closing_price, closing_date, id, opening_date, stock_id) VALUES (197.5, 198.2, 1732559602, 14, 1732646002, 5);
INSERT INTO historical_pricing (opening_price, previous_daily_closing_price, closing_date, id, opening_date, stock_id) VALUES (858, 866, 1732559620, 15, 1732646020, 6);
INSERT INTO historical_pricing (opening_price, previous_daily_closing_price, closing_date, id, opening_date, stock_id) VALUES (745, 751.8, 1732559638, 16, 1732646038, 7);
INSERT INTO historical_pricing (opening_price, previous_daily_closing_price, closing_date, id, opening_date, stock_id) VALUES (892.4, 890.6, 1732559655, 17, 1732646055, 8);
INSERT INTO historical_pricing (opening_price, previous_daily_closing_price, closing_date, id, opening_date, stock_id) VALUES (199.5, 199.7, 1732559674, 18, 1732646074, 9);
INSERT INTO historical_pricing (opening_price, previous_daily_closing_price, closing_date, id, opening_date, stock_id) VALUES (271.6, 271.6, 1732559691, 19, 1732646091, 10);
INSERT INTO historical_pricing (opening_price, previous_daily_closing_price, closing_date, id, opening_date, stock_id) VALUES (1479, 1483.5, 1732559709, 20, 1732646109, 11);
INSERT INTO historical_pricing (opening_price, previous_daily_closing_price, closing_date, id, opening_date, stock_id) VALUES (1477, 1479, 1732559727, 21, 1732646127, 12);
INSERT INTO historical_pricing (opening_price, previous_daily_closing_price, closing_date, id, opening_date, stock_id) VALUES (133.8, 134.85, 1732559744, 22, 1732646144, 13);
INSERT INTO historical_pricing (opening_price, previous_daily_closing_price, closing_date, id, opening_date, stock_id) VALUES (128.1, 127.8, 1732559762, 23, 1732646162, 14);
INSERT INTO historical_pricing (opening_price, previous_daily_closing_price, closing_date, id, opening_date, stock_id) VALUES (486.6, 490.6, 1732559779, 24, 1732646179, 15);
INSERT INTO historical_pricing (opening_price, previous_daily_closing_price, closing_date, id, opening_date, stock_id) VALUES (554.5, 555, 1732559797, 25, 1732646197, 16);
INSERT INTO historical_pricing (opening_price, previous_daily_closing_price, closing_date, id, opening_date, stock_id) VALUES (78.82, 79.24, 1732559815, 26, 1732646215, 17);
INSERT INTO historical_pricing (opening_price, previous_daily_closing_price, closing_date, id, opening_date, stock_id) VALUES (425.3, 427.1, 1732559833, 27, 1732646233, 18);
INSERT INTO historical_pricing (opening_price, previous_daily_closing_price, closing_date, id, opening_date, stock_id) VALUES (1121, 1123.5, 1732559851, 28, 1732646251, 19);
INSERT INTO historical_pricing (opening_price, previous_daily_closing_price, closing_date, id, opening_date, stock_id) VALUES (2958, 2990, 1732559868, 29, 1732646268, 20);
INSERT INTO historical_pricing (opening_price, previous_daily_closing_price, closing_date, id, opening_date, stock_id) VALUES (537, 537, 1732559886, 30, 1732646286, 21);
INSERT INTO historical_pricing (opening_price, previous_daily_closing_price, closing_date, id, opening_date, stock_id) VALUES (152.6, 153.1, 1732559905, 31, 1732646305, 22);
INSERT INTO historical_pricing (opening_price, previous_daily_closing_price, closing_date, id, opening_date, stock_id) VALUES (104.85, 104, 1732559922, 32, 1732646322, 23);
INSERT INTO historical_pricing (opening_price, previous_daily_closing_price, closing_date, id, opening_date, stock_id) VALUES (395, 393.6, 1732559940, 33, 1732646340, 24);
INSERT INTO historical_pricing (opening_price, previous_daily_closing_price, closing_date, id, opening_date, stock_id) VALUES (736, 738.5, 1732559957, 34, 1732646357, 25);

INSERT INTO historical_pricing (opening_price, previous_daily_closing_price, closing_date, id, opening_date, stock_id) VALUES (16200, 16150, 1714067200, 35, 1744153600, 1);
INSERT INTO historical_pricing (opening_price, previous_daily_closing_price, closing_date, id, opening_date, stock_id) VALUES (16200, 16150, 1724067200, 36, 1744153600, 1);