INSERT INTO dividend (dividend_rate, dividend_ratio, dividend_yield, five_year_avg_dividend_yield, ex_dividend_date, id)
VALUES  (6.5, 0.47689998, 0.056399997, 4.67, 1710979200, 1),
        (5, 0.6321, 0.100200005, 2.96, 1714003200, 2),
        (4.8, 1.3483, 0.1451, 0, 1727913600, 3),
        (16.67, 1.097, 0.0842, 4.46, 1726790400, 4),
        (10.64, 0.6479, 0.0854, 7.65, 1711065600, 5),
        (4, 0.64309996, 0.0802, 0, 1716508800, 6),
        (20, 6.8259, 0.0792, 0, 1735257600, 7),
        (8.5, 0.48099998, 0.0556, 6.08, 1710892800, 8),
        (15.15, 0.4928, 0.07, 7.17, 1711497600, 9),
        (5, 1000, 0.0679, 0, 1738195200, 10),
        (1.9, 0.5689, 0.0177, 0.98, 1715126400, 11),
        (7.5, 0.295, 0.0271, 3.01, 1711584000, 12),
        (2, 7.4074, 0.0629, 6.19, 1738800000, 13),
        (2, 0.191, 0.0629, 6.71, 1735257600, 14),
        (7, 0.3348, 0.0622, 5.01, 1729209600, 15),
        (6.9, 1.2477, 0.059499998, 5.55, 1728864000, 16),
        (2.59, 0.3861, 0.0591, 0, 1718064000, 17),
        (0.1, 10, 0.060399998, 0, 1738627200, 18),
        (5, 0.80160004, 0.0561, 3.9, 1731283200, 19),
        (4, 0.5806, 0.0374, 2.2, 1714348800, 20),
        (10.82, 2.3939, 0.0624, 6.16, 1735516800, 21),
        (6.6, 0.9202, 0.052600004, 4.76, 1735862400, 22),
        (7, 0.91980004, 0.0504, 4.79, 1714694400, 23),
        (7.43, 0.5251, 0.052399997, 0, 1725840000, 24),
        (16.88, 0.2918, 0.0508, 0, 1718323200, 25),
        (4.23, 0.9886, 0.18290001, 0, 1726531200, 26),
        (34.76, 0.9643, 0.25959998, 16.81, 1725840000, 27),
        (37.49, 0.9782, 0.29729998, 0, 1733702400, 28),
        (35.75, 0.9566, 0.1471, 0, 1731628800, 29),
        (57.23, 0.97940004, 0.5503, 0, 1725926400, 30),
        (13.95, 0.7564, 0.18020001, 8, 1730764800, 31),
        (9.24, 0.8311, 0.1197, 0, 1731628800, 32),
        (16.9, 0.6688, 0.276, 0, 1733356800, 33),
        (15.17, 0.39270002, 0.056599997, 3.68, 1739404800, 34),
        (2.2, 0.9082, 0.1173, 0, 1731888000, 35),
        (26.35, 0.78279996, 0.12640001, 10.92, 1726099200, 36),
        (4.72, 1.877, 0.13069999, 0, 1730073600, 37),
        (17.18, 0.4357, 0.1668, 4.11, 1724630400, 38),
        (33.23, 1.7751, 0.1259, 7.24, 1732579200, 39),
        (18.65, 1.1031, 0.17799999, 4.33, 1727222400, 40),
        (26.38, 1.0317, 0.1184, 6.97, 1730678400, 41),
        (1.25, 1.2232, 0.121700004, 0, 1731542400, 42),
        (2.95, 0.3196, 0.109, 11.51, 1731974400, 43),
        (17.17, 1.097, 0.0864, 0, 1726790400, 44),
        (0.7, 0.814, 0.0704, 0, 1729641600, 45),
        (20.73, 0.4894, 0.1716, 11.38, 1731974400, 46),
        (1.75, 2.1875, 0.028900001, 2.68, 1718841600, 47),
        (9, 1.3296001, 0.0701, 7.06, 1729123200, 48),
        (16, 0.5876, 0.0696, 4.3, 1714435200, 49),
        (515, 0.3211, 0.0436, 7.98, 1710460800, 50),
        (515, 0.3211, 0.0421, 7.78, 1710460800, 51),
        (9.9, 0.467, 0.0128, 1.46, 1723680000, 52),
        (0.38, 0, 0.0034, 0.24, 1733356800, 53),
        (0, 0, 0, 0, 0, 54),
        (27, 0.5378, 0.03, 2.15, 1710201600, 55),
        (27, 0.5378, 0.0357, 2.56, 1710201600, 56),
        (34, 0.935, 0.0378, 2.1, 1733443200, 57),
        (15, 0.5474, 0.074200004, 5.27, 1721606400, 58),
        (0, 0, 0, 0, 956707200, 59),
        (7, 0.1359, 0.0046, 0.42, 1710460800, 60),
        (0, 0, 0, 0, 0, 61),
        (0, 0, 0, 0.48, 1646870400, 62),
        (2.3, 0.2054, 0.0178, 3.4, 1712880000, 63),
        (0, 0, 0, 0, 1701648000, 64),
        (0, 0, 0, 1.44, 1459468800, 65),
        (6.86, 0.6479, 0.0854, 6.7, 1711065600, 66),
        (8.2, 0.89199996, 0.0196, 1.51, 1724889600, 67),
        (18, 0.30719998, 0.0155, 1.55, 1710460800, 68),
        (43, 0.26569998, 0.0148, 1.69, 1712793600, 69),
        (0, 0, 0, 1.99, 1727740800, 70),
        (40.48, 0.7452, 0.278, 0, 1732060800, 71),
        (0, 0, 0, 0.99, 1649203200, 72),
        (0, 0, 0, 1.81, 1678233600, 73),
        (0, 0, 0, 0, 0, 74);

INSERT INTO stock (dividend_id, id, country, exchange, industry, name, sector, ticker, currency)
VALUES  (1, 1, 'Sweden', 'STO', 'Banks - Diversified', 'Svenska Handelsbanken ser. A', 'Financial Services', 'SHB-A.ST', 'SEK'),
        (2, 2, 'Sweden', 'STO', 'Steel', 'SSAB AB ser. B', 'Basic Materials', 'SSAB-B.ST', 'SEK'),
        (3, 3, 'Sweden', 'STO', 'Specialty Business Services', 'Coor Service Management Holding', 'Industrials', 'COOR.ST', 'SEK'),
        (4, 4, 'Finland', 'STO', 'Information Technology Services', 'TietoEVRY Corporation', 'Technology', 'TIETOS.ST', 'SEK'),
        (5, 5, 'Finland', 'STO', 'Banks - Regional', 'Nordea Bank Abp', 'Financial Services', 'NDA-SE.ST', 'SEK'),
        (6, 6, 'Sweden', 'STO', 'Paper & Paper Products', 'Nordic Paper Holding AB', 'Basic Materials', 'NPAPER.ST', 'SEK'),
        (7, 7, 'Sweden', 'STO', 'Real Estate - Diversified', 'Corem Property Group AB ser. D', 'Real Estate', 'CORE-D.ST', 'SEK'),
        (8, 8, 'Sweden', 'STO', 'Banks - Regional', 'Skandinaviska Enskilda Banken s', 'Financial Services', 'SEB-A.ST', 'SEK'),
        (9, 9, 'Sweden', 'STO', 'Banks - Regional', 'Swedbank AB ser A', 'Financial Services', 'SWED-A.ST', 'SEK'),
        (10, 10, 'Sweden', 'STO', 'Real Estate - Diversified', 'Fastpartner AB ser. D', 'Real Estate', 'FPAR-D.ST', 'SEK'),
        (11, 11, 'Sweden', 'STO', 'Drug Manufacturers - Specialty & Generic', 'BioGaia AB ser. B', 'Healthcare', 'BIOG-B.ST', 'SEK'),
        (12, 12, 'Sweden', 'STO', 'Farm & Heavy Construction Machinery', 'Volvo, AB ser. B', 'Industrials', 'VOLV-B.ST', 'SEK'),
        (13, 13, 'Sweden', 'STO', 'Telecom Services', 'Telia Company AB', 'Communication Services', 'TELIA.ST', 'SEK'),
        (14, 14, 'Sweden', 'STO', 'Real Estate Services', 'Sagax AB D', 'Real Estate', 'SAGA-D.ST', 'SEK'),
        (15, 15, 'Sweden', 'STO', 'Asset Management', 'INVESTMENT AB ORESUND', 'Financial Services', 'ORES.ST', 'SEK'),
        (16, 16, 'Sweden', 'STO', 'Telecom Services', 'Tele2 AB ser. A', 'Communication Services', 'TEL2-A.ST', 'SEK'),
        (17, 17, 'Poland', 'STO', 'Paper & Paper Products', 'Arctic Paper S.A.', 'Basic Materials', 'ARP.ST', 'SEK'),
        (18, 18, 'Sweden', 'STO', 'Real Estate Services', 'Akelius Residential Property AB', 'Real Estate', 'AKEL-D.ST', 'EUR'),
        (19, 19, 'Sweden', 'STO', 'Household & Personal Products', 'Duni AB', 'Consumer Defensive', 'DUNI.ST', 'SEK'),
        (20, 20, 'Sweden', 'STO', 'Specialty Chemicals', 'HEXPOL AB ser. B', 'Basic Materials', 'HPOL-B.ST', 'SEK'),
        (21, 21, 'Sweden', 'STO', 'Real Estate Services', 'Cibus Nordic Real Estate AB', 'Real Estate', 'CIBUS.ST', 'SEK'),
        (22, 22, 'Sweden', 'STO', 'Auto & Truck Dealerships', 'Bilia AB ser. A', 'Consumer Cyclical', 'BILI-A.ST', 'SEK'),
        (23, 23, 'Sweden', 'STO', 'Staffing & Employment Services', 'Ework Group AB', 'Industrials', 'EWRK.ST', 'SEK'),
        (24, 24, 'Sweden', 'STO', 'Gambling', 'Betsson AB ser. B', 'Consumer Cyclical', 'BETS-B.ST', 'SEK'),
        (25, 25, 'Germany', 'STO', 'Farm & Heavy Construction Machinery', 'TRATON SE', 'Industrials', '8TRA.ST', 'SEK'),
        (26, 26, 'Norway', 'OSL', 'Marine Shipping', 'MPC CONTAINER SHIPS', 'Industrials', 'MPCC.OL', 'NOK'),
        (27, 27, 'Singapore', 'OSL', 'Marine Shipping', 'BW LPG', 'Industrials', 'BWLPG.OL', 'NOK'),
        (28, 28, 'Norway', 'OSL', 'Marine Shipping', 'HOEGH AUTOLINERS ASA', 'Industrials', 'HAUTO.OL', 'NOK'),
        (29, 29, 'Greece', 'OSL', 'Marine Shipping', 'OKEANIS ECO TANKERS', 'Industrials', 'OET.OL', 'NOK'),
        (30, 30, 'Bermuda', 'OSL', 'Oil & Gas Midstream', 'AVANCE GAS HOLDING', 'Energy', 'AGAS.OL', 'NOK'),
        (31, 31, 'Norway', 'OSL', 'Marine Shipping', 'KLAVENESS COMBINATION CARRIERS', 'Industrials', 'KCC.OL', 'NOK'),
        (32, 32, 'Norway', 'OSL', 'Steel', 'RANA GRUBER ASA', 'Basic Materials', 'RANA.OL', 'NOK'),
        (33, 33, 'Bermuda', 'OSL', 'Marine Shipping', 'HAFNIA LIMITED', 'Industrials', 'HAFNI.OL', 'NOK'),
        (34, 34, 'Norway', 'OSL', 'Oil & Gas Integrated', 'EQUINOR', 'Energy', 'EQNR.OL', 'NOK'),
        (35, 35, 'Norway', 'OSL', 'Marine Shipping', 'BELSHIPS', 'Industrials', 'BELCO.OL', 'NOK'),
        (36, 36, 'Cyprus', 'OSL', 'Oil & Gas Midstream', 'FRONTLINE PLC', 'Energy', 'FRO.OL', 'NOK'),
        (37, 37, 'Norway', 'OSL', 'Oil & Gas E&P', NULL, 'Energy', 'VAR.OL', 'NOK'),
        (38, 38, 'Norway', 'OSL', 'Marine Shipping', 'ODFJELL SER. B', 'Industrials', 'ODFB.OL', 'NOK'),
        (39, 39, 'Bermuda', 'OSL', 'Oil & Gas Midstream', 'FLEX LNG', 'Energy', 'FLNG.OL', 'NOK'),
        (40, 40, 'Norway', 'OSL', 'Marine Shipping', 'WALLENIUS WILHELMSEN', 'Industrials', 'WAWI.OL', 'NOK'),
        (41, 41, 'Norway', 'OSL', 'Oil & Gas E&P', 'AKER BP', 'Energy', 'AKRBP.OL', 'NOK'),
        (42, 42, 'Norway', 'OSL', 'Oil & Gas E&P', 'DNO', 'Energy', 'DNO.OL', 'NOK'),
        (43, 43, 'Bermuda', 'OSL', 'Oil & Gas Equipment & Services', 'BW OFFSHORE LIMITED', 'Energy', 'BWO.OL', 'NOK'),
        (44, 44, 'Finland', 'OSL', 'Information Technology Services', 'TIETOEVRY', 'Technology', 'TIETO.OL', 'NOK'),
        (45, 45, 'Norway', 'OSL', 'Credit Services', 'B2 Impact ASA', 'Financial Services', 'B2I.OL', 'NOK'),
        (46, 46, 'Bermuda', 'OSL', 'Marine Shipping', '2020 BULKERS', 'Industrials', '2020.OL', 'NOK'),
        (47, 47, 'Norway', 'OSL', 'Farm Products', 'GRIEG SEAFOOD', 'Consumer Defensive', 'GSF.OL', 'NOK'),
        (48, 48, 'Norway', 'OSL', 'Telecom Services', 'TELENOR', 'Communication Services', 'TEL.OL', 'NOK'),
        (49, 49, 'Norway', 'OSL', 'Banks - Regional', 'DNB BANK ASA', 'Financial Services', 'DNB.OL', 'NOK'),
        (50, 50, 'Denmark', 'CPH', 'Marine Shipping', 'A.P. Møller - Mærsk A A/S', 'Industrials', 'MAERSK-A.CO', 'DKK'),
        (51, 51, 'Denmark', 'CPH', 'Marine Shipping', 'A.P. Møller - Mærsk B A/S', 'Industrials', 'MAERSK-B.CO', 'DKK'),
        (52, 52, 'Denmark', 'CPH', 'Drug Manufacturers - General', 'Novo Nordisk B A/S', 'Healthcare', 'NOVO-B.CO', 'DKK'),
        (53, 53, 'Denmark', 'CPH', 'Medical Devices', 'Ambu A/S', 'Healthcare', 'AMBU-B.CO', 'DKK'),
        (54, 54, 'Denmark', 'CPH', 'Biotechnology', 'Bavarian Nordic A/S', 'Healthcare', 'BAVA.CO', 'DKK'),
        (55, 55, 'Denmark', 'CPH', 'Beverages - Brewers', 'Carlsberg A A/S', 'Consumer Defensive', 'CARL-A.CO', 'DKK'),
        (56, 56, 'Denmark', 'CPH', 'Beverages - Brewers', 'Carlsberg B A/S', 'Consumer Defensive', 'CARL-B.CO', 'DKK'),
        (57, 57, 'Denmark', 'CPH', 'Medical Instruments & Supplies', 'Coloplast B A/S', 'Healthcare', 'COLO-B.CO', 'DKK'),
        (58, 58, 'Denmark', 'CPH', 'Banks - Regional', 'Danske Bank A/S', 'Financial Services', 'DANSKE.CO', 'DKK'),
        (59, 59, 'Denmark', 'CPH', 'Medical Devices', 'Demant A/S', 'Healthcare', 'DEMANT.CO', 'DKK'),
        (60, 60, 'Denmark', 'CPH', 'Integrated Freight & Logistics', 'DSV A/S', 'Industrials', 'DSV.CO', 'DKK'),
        (61, 61, 'Denmark', 'CPH', 'Biotechnology', 'Genmab A/S', 'Healthcare', 'GMAB.CO', 'DKK'),
        (62, 62, 'Denmark', 'CPH', 'Medical Devices', 'GN Store Nord A/S', 'Healthcare', 'GN.CO', 'DKK'),
        (63, 63, 'Denmark', 'CPH', 'Specialty Business Services', 'ISS A/S', 'Industrials', 'ISS.CO', 'DKK'),
        (64, 64, 'Denmark', 'CPH', 'Banks - Regional', 'Jyske Bank A/S', 'Financial Services', 'JYSK.CO', 'DKK'),
        (65, 65, 'Denmark', 'CPH', 'Electrical Equipment & Parts', 'NKT A/S', 'Industrials', 'NKT.CO', 'DKK'),
        (66, 66, 'Finland', 'CPH', 'Banks - Regional', 'Nordea Bank Abp', 'Financial Services', 'NDA-DK.CO', 'DKK'),
        (67, 67, 'Denmark', 'CPH', 'Specialty Chemicals', 'Novonesis (Novozymes A/S) B', 'Basic Materials', 'NSIS-B.CO', 'DKK'),
        (68, 68, 'Denmark', 'CPH', 'Luxury Goods', 'Pandora A/S', 'Consumer Cyclical', 'PNDORA.CO', 'DKK'),
        (69, 69, 'Denmark', 'CPH', 'Building Products & Equipment', 'Rockwool A/S ser. B', 'Industrials', 'ROCK-B.CO', 'DKK'),
        (70, 70, 'Denmark', 'CPH', 'Beverages - Brewers', 'Royal UNIBREW A/S', 'Consumer Defensive', 'RBREW.CO', 'DKK'),
        (71, 71, 'United Kingdom', 'CPH', 'Oil & Gas Midstream', 'TORM plc A', 'Energy', 'TRMD-A.CO', 'DKK'),
        (72, 72, 'Denmark', 'CPH', 'Specialty Industrial Machinery', 'Vestas Wind Systems A/S', 'Industrials', 'VWS.CO', 'DKK'),
        (73, 73, 'Denmark', 'CPH', 'Utilities - Renewable', 'ORSTED A/S', 'Utilities', 'ORSTED.CO', 'DKK'),
        (74, 74, 'Denmark', 'CPH', 'Biotechnology', 'Zealand Pharma A/S', 'Healthcare', 'ZEAL.CO', 'DKK');

INSERT INTO historical_dividend (dividend, ex_dividend_date, id, stock_id)
VALUES  (1, 955929600, 1, 1),
        (1.333333, 988156800, 2, 1),
        (1.5, 1019606400, 3, 1),
        (1.583333, 1051660800, 4, 1),
        (1.75, 1083110400, 5, 1),
        (2, 1114560000, 6, 1),
        (2.333333, 1146009600, 7, 1),
        (2.666667, 1177459200, 8, 1),
        (2.833333, 1208995200, 9, 1),
        (2.333333, 1241049600, 10, 1),
        (2.666667, 1272585600, 11, 1),
        (3, 1300924800, 12, 1),
        (3.25, 1332979200, 13, 1),
        (3.583333, 1363824000, 14, 1),
        (3.833333, 1395878400, 15, 1),
        (4.166667, 1427328000, 16, 1),
        (4.5, 1458172800, 17, 1),
        (5, 1490832000, 18, 1),
        (5.5, 1521676800, 19, 1),
        (5.5, 1553731200, 20, 1),
        (4.1, 1616630400, 21, 1),
        (5, 1648080000, 22, 1),
        (2.5, 1679529600, 23, 1),
        (6.5, 1710979200, 24, 1),
        (1.013015, 956880000, 25, 2),
        (1.125573, 988156800, 26, 2),
        (1.125573, 1020038400, 27, 2),
        (1.350687, 1051228800, 28, 2),
        (1.350687, 1082592000, 29, 2),
        (1.688359, 1114387200, 30, 2),
        (2.026031, 1145836800, 31, 2),
        (3.039046, 1175472000, 32, 2),
        (3.662196, 1206921600, 33, 2),
        (2.929757, 1238544000, 34, 2),
        (0.732439, 1269820800, 35, 2),
        (1.464878, 1302652800, 36, 2),
        (1.464878, 1332806400, 37, 2),
        (0.732439, 1365984000, 38, 2),
        (1, 1523404800, 39, 2),
        (1.5, 1554768000, 40, 2),
        (0.75, 1585785600, 41, 2),
        (5.25, 1649289600, 42, 2),
        (8.7, 1681862400, 43, 2),
        (5, 1714003200, 44, 2),
        (0.6, 1461888000, 45, 3),
        (1.55, 1493942400, 46, 3),
        (2.2, 1524787200, 47, 3),
        (2, 1556841600, 48, 3),
        (2, 1619481600, 49, 3),
        (2.4, 1633046400, 50, 3),
        (2.4, 1651449600, 51, 3),
        (2.4, 1665014400, 52, 3),
        (2.4, 1682640000, 53, 3),
        (2.4, 1696291200, 54, 3),
        (2.4, 1714348800, 55, 3),
        (0.49, 954374400, 56, 4),
        (0.49, 985305600, 57, 4),
        (1, 1016755200, 58, 4),
        (0.5, 1048204800, 59, 4),
        (0.5, 1079654400, 60, 4),
        (0.5, 1101427200, 61, 4),
        (1, 1111104000, 62, 4),
        (0.85, 1143158400, 63, 4),
        (1.2, 1174608000, 64, 4),
        (0.5, 1206662400, 65, 4),
        (0.5, 1238112000, 66, 4),
        (0.5, 1269561600, 67, 4),
        (0.7, 1301011200, 68, 4),
        (0.75, 1332460800, 69, 4),
        (0.83, 1364256000, 70, 4),
        (0.9, 1395360000, 71, 4),
        (1, 1426809600, 72, 4),
        (0.25, 1458691200, 73, 4),
        (1.15, 1490313600, 74, 4),
        (1.2, 1521763200, 75, 4),
        (0.2, 1553212800, 76, 4),
        (0.635, 1584662400, 77, 4),
        (0.3175, 1595548800, 78, 4),
        (0.3175, 1600992000, 79, 4),
        (0.66, 1616716800, 80, 4),
        (0.66, 1632441600, 81, 4),
        (0.7, 1648166400, 82, 4),
        (0.7, 1663891200, 83, 4),
        (0.725, 1679616000, 84, 4),
        (0.725, 1695340800, 85, 4),
        (0.735, 1710374400, 86, 4),
        (0.735, 1726790400, 87, 4),
        (1.362609, 955497600, 88, 5),
        (1.557267, 986947200, 89, 5),
        (0.179086, 1019692800, 90, 5),
        (0.179086, 1051228800, 91, 5),
        (0.194658, 1080777600, 92, 5),
        (0.218017, 1113177600, 93, 5),
        (0.272522, 1144281600, 94, 5),
        (0.38153, 1176681600, 95, 5),
        (0.389317, 1207267200, 96, 5),
        (2.17, 1238716800, 97, 5),
        (2.41, 1269561600, 98, 5),
        (0.29, 1301011200, 99, 5),
        (0.26, 1332460800, 100, 5),
        (0.34, 1363305600, 101, 5),
        (0.43, 1395360000, 102, 5),
        (0.62, 1426809600, 103, 5),
        (0.64, 1458259200, 104, 5),
        (0.65, 1489708800, 105, 5),
        (0.68, 1521158400, 106, 5),
        (0.69, 1553817600, 107, 5),
        (0.4, 1585180800, 108, 5),
        (0.07, 1613692800, 109, 5),
        (0.72, 1633305600, 110, 5),
        (0.69, 1648166400, 111, 5),
        (0.8, 1679616000, 112, 5),
        (0.92, 1711065600, 113, 5),
        (2, 1621555200, 114, 6),
        (2, 1653004800, 115, 6),
        (4.65, 1684972800, 116, 6),
        (4, 1716508800, 117, 6),
        (5, 1624924800, 118, 7),
        (5, 1632873600, 119, 7),
        (5, 1640736000, 120, 7),
        (5, 1648598400, 121, 7),
        (5, 1656460800, 122, 7),
        (5, 1664409600, 123, 7),
        (5, 1672272000, 124, 7),
        (5, 1680134400, 125, 7),
        (5, 1687996800, 126, 7),
        (5, 1695859200, 127, 7),
        (5, 1703721600, 128, 7),
        (5, 1711497600, 129, 7),
        (5, 1719446400, 130, 7),
        (5, 1727395200, 131, 7),
        (1.800347, 955497600, 132, 8),
        (2.057539, 986515200, 133, 8),
        (2.057539, 1018483200, 134, 8),
        (2.057539, 1049932800, 135, 8),
        (2.057539, 1080864000, 136, 8),
        (2.237574, 1113436800, 137, 8),
        (2.443328, 1144195200, 138, 8),
        (3.086309, 1175126400, 139, 8),
        (3.343501, 1207699200, 140, 8),
        (1, 1273622400, 141, 8),
        (1.5, 1301011200, 142, 8),
        (1.75, 1333065600, 143, 8),
        (2.75, 1363910400, 144, 8),
        (4, 1395792000, 145, 8),
        (4.75, 1427328000, 146, 8),
        (5.25, 1458691200, 147, 8),
        (5.5, 1490745600, 148, 8),
        (5.75, 1522108800, 149, 8),
        (0.5, 1553644800, 150, 8),
        (4.1, 1617148800, 151, 8),
        (4.1, 1636934400, 152, 8),
        (6, 1647993600, 153, 8),
        (6.75, 1680652800, 154, 8),
        (8.5, 1710892800, 155, 8),
        (4.135803, 955584000, 156, 9),
        (4.549384, 986515200, 157, 9),
        (4.549384, 1018569600, 158, 9),
        (4.549384, 1050019200, 159, 9),
        (4.756174, 1082678400, 160, 9),
        (5.376544, 1114128000, 161, 9),
        (6.203705, 1146009600, 162, 9),
        (6.824075, 1177891200, 163, 9),
        (7.444446, 1209340800, 164, 9),
        (3.722223, 1240790400, 165, 9),
        (2.1, 1301270400, 166, 9),
        (5.3, 1332892800, 167, 9),
        (9.9, 1363824000, 168, 9),
        (10.1, 1395273600, 169, 9),
        (11.35, 1427414400, 170, 9),
        (10.7, 1459900800, 171, 9),
        (13.2, 1490918400, 172, 9),
        (13, 1521763200, 173, 9),
        (14.2, 1553817600, 174, 9),
        (4.35, 1613433600, 175, 9),
        (2.9, 1616716800, 176, 9),
        (7.3, 1635465600, 177, 9),
        (2, 1648684800, 178, 9),
        (9.75, 1680220800, 179, 9),
        (15.15, 1711497600, 180, 9),
        (1.248998, 1588118400, 181, 10),
        (1.248998, 1596067200, 182, 10),
        (1.248998, 1603929600, 183, 10),
        (1.248998, 1611792000, 184, 10),
        (1.248998, 1619654400, 185, 10),
        (1.248998, 1627516800, 186, 10),
        (1.25, 1635379200, 187, 10),
        (1.25, 1643328000, 188, 10),
        (5, 1650585600, 189, 10),
        (1.25, 1651104000, 190, 10),
        (1.25, 1658966400, 191, 10),
        (1.25, 1666915200, 192, 10),
        (1.25, 1675036800, 193, 10),
        (1.25, 1682553600, 194, 10),
        (1.25, 1690502400, 195, 10),
        (1.25, 1698624000, 196, 10),
        (1.25, 1706572800, 197, 10),
        (1.25, 1714348800, 198, 10),
        (1.25, 1722297600, 199, 10),
        (1.25, 1730246400, 200, 10),
        (0.08, 1240444800, 201, 11),
        (0.12, 1273190400, 202, 11),
        (0.216, 1305072000, 203, 11),
        (0.252, 1336521600, 204, 11),
        (1.17, 1367193600, 205, 11),
        (0.67, 1399420800, 206, 11),
        (0.692, 1431043200, 207, 11),
        (0.606, 1462924800, 208, 11),
        (0.868, 1493856000, 209, 11),
        (1.8, 1524700800, 210, 11),
        (0.81, 1557360000, 211, 11),
        (0.75, 1588896000, 212, 11),
        (0.682, 1620345600, 213, 11),
        (2.258, 1652054400, 214, 11),
        (1.45, 1683504000, 215, 11),
        (5, 1715126400, 216, 11),
        (1.4, 956793600, 217, 12),
        (1.6, 988243200, 218, 12),
        (1.6, 1019692800, 219, 12),
        (1.6, 1049932800, 220, 12),
        (1.6, 1085616000, 221, 12),
        (2.5, 1113350400, 222, 12),
        (3.35, 1144281600, 223, 12),
        (5, 1175731200, 224, 12),
        (5.5, 1207785600, 225, 12),
        (2, 1238630400, 226, 12),
        (2.5, 1302134400, 227, 12),
        (3, 1333584000, 228, 12),
        (3, 1365120000, 229, 12),
        (3, 1396483200, 230, 12),
        (3, 1427932800, 231, 12),
        (3, 1459987200, 232, 12),
        (3.25, 1491350400, 233, 12),
        (4.25, 1522972800, 234, 12),
        (5, 1554336000, 235, 12),
        (5.5, 1586390400, 236, 12),
        (9, 1617235200, 237, 12),
        (9.5, 1625011200, 238, 12),
        (6.5, 1649289600, 239, 12),
        (7, 1680652800, 240, 12),
        (7.5, 1711584000, 241, 12),
        (0.3, 989539200, 242, 13),
        (0.2, 1019606400, 243, 13),
        (0.4, 1052438400, 244, 13),
        (1, 1083196800, 245, 13),
        (1.2, 1114560000, 246, 13),
        (2.25, 1146182400, 247, 13),
        (4.5, 1177459200, 248, 13),
        (1.8, 1207008000, 249, 13),
        (1.8, 1238630400, 250, 13),
        (2.25, 1270684800, 251, 13),
        (2.75, 1302134400, 252, 13),
        (2.85, 1333497600, 253, 13),
        (2.85, 1365033600, 254, 13),
        (3, 1396483200, 255, 13),
        (3, 1428537600, 256, 13),
        (1.5, 1460505600, 257, 13),
        (1.5, 1477267200, 258, 13),
        (1, 1491436800, 259, 13),
        (1, 1508716800, 260, 13),
        (1.15, 1523404800, 261, 13),
        (1.15, 1539907200, 262, 13),
        (1.18, 1554940800, 263, 13),
        (1.18, 1571788800, 264, 13),
        (0.9, 1585872000, 265, 13),
        (0.9, 1603324800, 266, 13),
        (0.65, 1606953600, 267, 13),
        (1, 1618272000, 268, 13),
        (1, 1635292800, 269, 13),
        (1, 1649289600, 270, 13),
        (1.05, 1666742400, 271, 13),
        (0.5, 1680739200, 272, 13),
        (0.5, 1690502400, 273, 13),
        (0.5, 1698192000, 274, 13),
        (0.5, 1706832000, 275, 13),
        (0.5, 1712793600, 276, 13),
        (0.5, 1722384000, 277, 13),
        (0.5, 1730246400, 278, 13),
        (0.492424, 1482969600, 279, 14),
        (0.492424, 1490832000, 280, 14),
        (0.492424, 1498694400, 281, 14),
        (0.492424, 1506556800, 282, 14),
        (0.492424, 1514419200, 283, 14),
        (0.492424, 1522195200, 284, 14),
        (0.5, 1530144000, 285, 14),
        (0.5, 1538006400, 286, 14),
        (0.5, 1545868800, 287, 14),
        (0.5, 1553731200, 288, 14),
        (0.5, 1561593600, 289, 14),
        (0.5, 1569542400, 290, 14),
        (0.5, 1577404800, 291, 14),
        (0.5, 1585526400, 292, 14),
        (0.5, 1593388800, 293, 14),
        (0.5, 1601337600, 294, 14),
        (0.5, 1609200000, 295, 14),
        (0.5, 1617062400, 296, 14),
        (0.5, 1624924800, 297, 14),
        (0.5, 1632873600, 298, 14),
        (0.5, 1640736000, 299, 14),
        (0.5, 1648598400, 300, 14),
        (0.5, 1656460800, 301, 14),
        (0.5, 1664409600, 302, 14),
        (0.5, 1672272000, 303, 14),
        (0.5, 1680134400, 304, 14),
        (0.5, 1687996800, 305, 14),
        (0.5, 1695859200, 306, 14),
        (0.5, 1703721600, 307, 14),
        (0.5, 1711497600, 308, 14),
        (0.5, 1719446400, 309, 14),
        (0.5, 1727395200, 310, 14),
        (1.375, 954720000, 311, 15),
        (1.791667, 986169600, 312, 15),
        (1.958333, 1017187200, 313, 15),
        (1.666667, 1049155200, 314, 15),
        (1.75, 1080691200, 315, 15),
        (2.125, 1143763200, 316, 15),
        (2.5, 1174867200, 317, 15),
        (3.375, 1207180800, 318, 15),
        (4, 1238630400, 319, 15),
        (3, 1269388800, 320, 15),
        (2.25, 1301443200, 321, 15),
        (3.75, 1427673600, 322, 15),
        (4.5, 1461024000, 323, 15),
        (4.75, 1492992000, 324, 15),
        (5.5, 1555286400, 325, 15),
        (3, 1585699200, 326, 15),
        (3, 1601510400, 327, 15),
        (3, 1620691200, 328, 15),
        (3, 1636588800, 329, 15),
        (3.25, 1650499200, 330, 15),
        (3.25, 1666310400, 331, 15),
        (3.4, 1683763200, 332, 15),
        (3.4, 1699833600, 333, 15),
        (3.5, 1713398400, 334, 15),
        (3.5, 1729209600, 335, 15),
        (1.18942, 1115856000, 336, 16),
        (1.665189, 1147305600, 337, 16),
        (1.741312, 1178755200, 338, 16),
        (2.99734, 1210809600, 339, 16),
        (1.427305, 1242086400, 340, 16),
        (3.663415, 1274140800, 341, 16),
        (19.982264, 1305590400, 342, 16),
        (6.184986, 1336435200, 343, 16),
        (6.755908, 1368489600, 344, 16),
        (4.18676, 1399939200, 345, 16),
        (9.515364, 1432080000, 346, 16),
        (5.090719, 1464134400, 347, 16),
        (5.23, 1494374400, 348, 16),
        (4, 1526947200, 349, 16),
        (2.2, 1557187200, 350, 16),
        (6, 1566518400, 351, 16),
        (2.2, 1569888000, 352, 16),
        (2.75, 1589241600, 353, 16),
        (3.5, 1601510400, 354, 16),
        (3, 1619136000, 355, 16),
        (3, 1624924800, 356, 16),
        (3, 1633305600, 357, 16),
        (3.4, 1651190400, 358, 16),
        (3.35, 1665360000, 359, 16),
        (3.4, 1684195200, 360, 16),
        (3.4, 1696809600, 361, 16),
        (3.45, 1715817600, 362, 16),
        (3.45, 1728864000, 363, 16),
        (0.02, 1376352000, 364, 17),
        (0.2, 1529366400, 365, 17),
        (0.3, 1625011200, 366, 17),
        (0.4, 1656460800, 367, 17),
        (2.7, 1686700800, 368, 17),
        (1, 1718064000, 369, 17),
        (0.025, 1588550400, 370, 18),
        (0.025, 1596499200, 371, 18),
        (0.025, 1604448000, 372, 18),
        (0.025, 1612396800, 373, 18),
        (0.025, 1620086400, 374, 18),
        (0.025, 1628035200, 375, 18),
        (0.025, 1635984000, 376, 18),
        (0.025, 1643846400, 377, 18),
        (0.025, 1651622400, 378, 18),
        (0.025, 1659571200, 379, 18),
        (0.025, 1667433600, 380, 18),
        (0.025, 1675296000, 381, 18),
        (0.025, 1683158400, 382, 18),
        (0.025, 1691020800, 383, 18),
        (0.025, 1698883200, 384, 18),
        (0.025, 1706832000, 385, 18),
        (0.025, 1714608000, 386, 18),
        (0.025, 1722556800, 387, 18),
        (0.025, 1730678400, 388, 18),
        (1.8, 1210204800, 389, 19),
        (1.8, 1241654400, 390, 19),
        (2.5, 1273104000, 391, 19),
        (3.5, 1304640000, 392, 19),
        (3.5, 1336089600, 393, 19),
        (3.5, 1367539200, 394, 19),
        (4, 1399420800, 395, 19),
        (4.5, 1430870400, 396, 19),
        (5, 1462320000, 397, 19),
        (5, 1493856000, 398, 19),
        (5, 1525824000, 399, 19),
        (5, 1525996800, 400, 19),
        (2.5, 1557273600, 401, 19),
        (2.5, 1573430400, 402, 19),
        (1.5, 1684281600, 403, 19),
        (1.5, 1699833600, 404, 19),
        (2.5, 1716336000, 405, 19),
        (2.5, 1731283200, 406, 19),
        (0.090408, 1273449600, 407, 20),
        (0.3, 1304899200, 408, 20),
        (0.5, 1336348800, 409, 20),
        (0.6, 1367539200, 410, 20),
        (0.9, 1399507200, 411, 20),
        (1.2, 1430784000, 412, 20),
        (1.7, 1462147200, 413, 20),
        (3, 1493683200, 414, 20),
        (1.95, 1524614400, 415, 20),
        (2.25, 1556496000, 416, 20),
        (2.3, 1606089600, 417, 20),
        (2.3, 1619654400, 418, 20),
        (3, 1651190400, 419, 20),
        (3.6, 1682985600, 420, 20),
        (2, 1714348800, 421, 20),
        (0.2, 1539907200, 422, 21),
        (0.2, 1545868800, 423, 21),
        (0.2, 1553731200, 424, 21),
        (0.2, 1560902400, 425, 21),
        (0.21, 1568937600, 426, 21),
        (0.21, 1577664000, 427, 21),
        (0.22, 1584921600, 428, 21),
        (0.22, 1592352000, 429, 21),
        (0.22, 1600732800, 430, 21),
        (0.07, 1603324800, 431, 21),
        (0.07, 1605830400, 432, 21),
        (0.08, 1608249600, 433, 21),
        (0.07, 1611187200, 434, 21),
        (0.08, 1613606400, 435, 21),
        (0.08, 1616457600, 436, 21),
        (0.07, 1619049600, 437, 21),
        (0.08, 1621814400, 438, 21),
        (0.08, 1624320000, 439, 21),
        (0.07, 1626912000, 440, 21),
        (0.08, 1629676800, 441, 21),
        (0.08, 1632268800, 442, 21),
        (0.08, 1634774400, 443, 21),
        (0.08, 1637539200, 444, 21),
        (0.08, 1640044800, 445, 21),
        (0.08, 1642723200, 446, 21),
        (0.08, 1645142400, 447, 21),
        (0.08, 1647993600, 448, 21),
        (0.04, 1650499200, 449, 21),
        (0.06, 1652313600, 450, 21),
        (0.06, 1655769600, 451, 21),
        (0.02, 1658361600, 452, 21),
        (0.02, 1661212800, 453, 21),
        (0.02, 1663804800, 454, 21),
        (0.06, 1666310400, 455, 21),
        (0.02, 1669075200, 456, 21),
        (0.07, 1671580800, 457, 21),
        (0.02, 1674432000, 458, 21),
        (0.02, 1676851200, 459, 21),
        (0.02, 1679529600, 460, 21),
        (0.07, 1682035200, 461, 21),
        (0.07, 1684800000, 462, 21),
        (0.08, 1687305600, 463, 21),
        (0.07, 1689897600, 464, 21),
        (0.07, 1692748800, 465, 21),
        (0.08, 1695254400, 466, 21),
        (0.08, 1695945600, 467, 21),
        (0.07, 1698019200, 468, 21),
        (0.08, 1700611200, 469, 21),
        (0.08, 1702944000, 470, 21),
        (0.08, 1703808000, 471, 21),
        (0.07, 1705968000, 472, 21),
        (0.08, 1708473600, 473, 21),
        (0.08, 1710892800, 474, 21),
        (0.07, 1713225600, 475, 21),
        (0.07, 1716768000, 476, 21),
        (0.08, 1719532800, 477, 21),
        (0.07, 1721865600, 478, 21),
        (0.07, 1724630400, 479, 21),
        (0.08, 1727654400, 480, 21),
        (0.07, 1729814400, 481, 21),
        (0.08, 1732492800, 482, 21),
        (0.875, 954374400, 483, 22),
        (0.9375, 986428800, 484, 22),
        (1, 1018483200, 485, 22),
        (1.0625, 1055289600, 486, 22),
        (1.125, 1081123200, 487, 22),
        (1.875, 1112832000, 488, 22),
        (2, 1145491200, 489, 22),
        (2, 1176940800, 490, 22),
        (2, 1208476800, 491, 22),
        (0.75, 1272585600, 492, 22),
        (1, 1304467200, 493, 22),
        (2.375, 1336348800, 494, 22),
        (1.5, 1367798400, 495, 22),
        (2.25, 1397174400, 496, 22),
        (3, 1429056000, 497, 22),
        (3.75, 1460332800, 498, 22),
        (4, 1492646400, 499, 22),
        (4.5, 1523404800, 500, 22),
        (4.75, 1554768000, 501, 22),
        (3, 1619568000, 502, 22),
        (3, 1635206400, 503, 22),
        (2, 1649376000, 504, 22),
        (2, 1657238400, 505, 22),
        (2, 1665100800, 506, 22),
        (2, 1672876800, 507, 22),
        (2.2, 1682640000, 508, 22),
        (2.2, 1688947200, 509, 22),
        (2.2, 1696550400, 510, 22),
        (2.2, 1704672000, 511, 22),
        (1.65, 1714003200, 512, 22),
        (1.65, 1720137600, 513, 22),
        (1.65, 1728000000, 514, 22),
        (1.1, 1243468800, 515, 23),
        (0.75, 1272326400, 516, 23),
        (1.15, 1304380800, 517, 23),
        (1.85, 1335312000, 518, 23),
        (2.5, 1366848000, 519, 23),
        (2.5, 1398384000, 520, 23),
        (2, 1429747200, 521, 23),
        (3.25, 1461196800, 522, 23),
        (4, 1493078400, 523, 23),
        (4.5, 1524614400, 524, 23),
        (4.5, 1556841600, 525, 23),
        (2, 1611792000, 526, 23),
        (4.5, 1619654400, 527, 23),
        (5, 1651536000, 528, 23),
        (6.5, 1682467200, 529, 23),
        (7, 1714694400, 530, 23),
        (0.166667, 1179878400, 531, 24),
        (3, 1273190400, 532, 24),
        (0.758333, 1273622400, 533, 24),
        (1.916667, 1305244800, 534, 24),
        (3.133333, 1336953600, 535, 24),
        (2.84, 1524182400, 536, 24),
        (3.89, 1557792000, 537, 24),
        (2.88, 1592438400, 538, 24),
        (3.68, 1620950400, 539, 24),
        (1.97, 1652400000, 540, 24),
        (1.97, 1664409600, 541, 24),
        (2.47, 1686268800, 542, 24),
        (2.6, 1695772800, 543, 24),
        (3.77, 1715817600, 544, 24),
        (0.3225, 1725840000, 545, 24),
        (1, 1600905600, 546, 25),
        (0.25, 1625097600, 547, 25),
        (0.5, 1654819200, 548, 25),
        (0.7, 1685664000, 549, 25),
        (1.5, 1718323200, 550, 25),
        (3, 1644192000, 551, 26),
        (0.9489, 1648080000, 552, 26),
        (1.5951, 1655942400, 553, 26),
        (0.19, 1663804800, 554, 26),
        (1.8722, 1671494400, 555, 26),
        (0.7238, 1676851200, 556, 26),
        (1.5765, 1679529600, 557, 26),
        (1.5956, 1687305600, 558, 26),
        (1.6118, 1695168000, 559, 26),
        (1.5224, 1702425600, 560, 26),
        (1.3734, 1710806400, 561, 26),
        (1.3729, 1718841600, 562, 26),
        (0.1, 1726531200, 563, 26),
        (0.90078, 1400803200, 564, 27),
        (4.69, 1409529600, 565, 27),
        (8.59, 1432080000, 566, 27),
        (6.48538, 1440979200, 567, 27),
        (5.68, 1463702400, 568, 27),
        (0.7382, 1472169600, 569, 27),
        (0.1, 1567468800, 570, 27),
        (3.03, 1574726400, 571, 27),
        (0.42, 1583280000, 572, 27),
        (0.2, 1591056000, 573, 27),
        (0.15, 1598918400, 574, 27),
        (0.15, 1605657600, 575, 27),
        (0.34, 1614816000, 576, 27),
        (0.18, 1621987200, 577, 27),
        (0.1, 1630368000, 578, 27),
        (0.1, 1637280000, 579, 27),
        (0.18, 1646352000, 580, 27),
        (0.31, 1653350400, 581, 27),
        (0.2, 1661990400, 582, 27),
        (0.25, 1668988800, 583, 27),
        (0.52, 1677801600, 584, 27),
        (0.95, 1685059200, 585, 27),
        (0.81, 1693526400, 586, 27),
        (0.8, 1700179200, 587, 27),
        (0.9, 1709596800, 588, 27),
        (1, 1717718400, 589, 27),
        (0.58, 1725840000, 590, 27),
        (0.76, 1662336000, 591, 28),
        (1.082, 1667952000, 592, 28),
        (2.369, 1676419200, 593, 28),
        (3.385, 1683504000, 594, 28),
        (3.6848, 1692576000, 595, 28),
        (4.1072, 1698624000, 596, 28),
        (19.9216, 1708473600, 597, 28),
        (6.2795, 1714348800, 598, 28),
        (7.1846, 1724025600, 599, 28),
        (4.78, 1589846400, 600, 29),
        (6.58, 1597795200, 601, 29),
        (0.91, 1606262400, 602, 29),
        (0.88, 1614124800, 603, 29),
        (6.31, 1624838400, 604, 29),
        (2.77, 1639440000, 605, 29),
        (3.05, 1661299200, 606, 29),
        (3.05, 1670198400, 607, 29),
        (1.25, 1678320000, 608, 29),
        (13.46, 1678406400, 609, 29),
        (17.53, 1685577600, 610, 29),
        (16.01, 1693440000, 611, 29),
        (6.4, 1699920000, 612, 29),
        (7.27, 1709856000, 613, 29),
        (1.1, 1717459200, 614, 29),
        (1.1, 1724112000, 615, 29),
        (0.45, 1731628800, 616, 29),
        (0.494651, 1400457600, 617, 30),
        (0.296791, 1404172800, 618, 30),
        (0.910158, 1413504000, 619, 30),
        (0.989302, 1425427200, 620, 30),
        (0.692511, 1432684800, 621, 30),
        (1.187162, 1440979200, 622, 30),
        (2.087427, 1447027200, 623, 30),
        (0.643046, 1455148800, 624, 30),
        (0.296791, 1462147200, 625, 30),
        (2.86, 1583884800, 626, 30),
        (0.11, 1614816000, 627, 30),
        (0.14, 1623110400, 628, 30),
        (0.02, 1630368000, 629, 30),
        (0.05, 1638835200, 630, 30),
        (0.05, 1646697600, 631, 30),
        (0.2, 1654646400, 632, 30),
        (0.2, 1662508800, 633, 30),
        (0.2, 1670371200, 634, 30),
        (0.5, 1678233600, 635, 30),
        (0.5, 1686096000, 636, 30),
        (0.5, 1694044800, 637, 30),
        (0.5, 1701907200, 638, 30),
        (0.65, 1708387200, 639, 30),
        (2.15, 1716422400, 640, 30),
        (1.35, 1725926400, 641, 30),
        (0.26, 1559520000, 642, 31),
        (0.089846, 1567036800, 643, 31),
        (0.090923, 1573603200, 644, 31),
        (0.093666, 1582761600, 645, 31),
        (0.297015, 1590710400, 646, 31),
        (0.265125, 1597968000, 647, 31),
        (0.27, 1605830400, 648, 31),
        (0.03, 1614038400, 649, 31),
        (0.249, 1619654400, 650, 31),
        (0.376, 1635379200, 651, 31),
        (0.891, 1645574400, 652, 31),
        (1.738, 1652659200, 653, 31),
        (0.23, 1661904000, 654, 31),
        (0.3, 1667865600, 655, 31),
        (0.3, 1676937600, 656, 31),
        (0.4, 1683676800, 657, 31),
        (2.662, 1693267200, 658, 31),
        (2.785, 1698969600, 659, 31),
        (0.35, 1708473600, 660, 31),
        (3.786, 1715558400, 661, 31),
        (0.3, 1724803200, 662, 31),
        (0.3, 1730764800, 663, 31),
        (2.9, 1621296000, 664, 32),
        (3.86, 1630281600, 665, 32),
        (1.05, 1636675200, 666, 32),
        (2.5, 1639008000, 667, 32),
        (1.51, 1644883200, 668, 32),
        (2.09, 1652659200, 669, 32),
        (1.51, 1661472000, 670, 32),
        (1.05, 1668384000, 671, 32),
        (3, 1676592000, 672, 32),
        (2.86, 1684108800, 673, 32),
        (2, 1693440000, 674, 32),
        (3.23, 1700179200, 675, 32),
        (4.27, 1708300800, 676, 32),
        (1.29, 1715817600, 677, 32),
        (2.23, 1724889600, 678, 32),
        (1.45, 1731628800, 679, 32),
        (0.0573, 1583107200, 680, 33),
        (0.11, 1590624000, 681, 33),
        (0.11, 1599004800, 682, 33),
        (0.021, 1653609600, 683, 33),
        (0.1862, 1661990400, 684, 33),
        (0.2801, 1669334400, 685, 33),
        (0.3157, 1677801600, 686, 33),
        (0.3044, 1684972800, 687, 33),
        (0.2528, 1693440000, 688, 33),
        (0.2032, 1700697600, 689, 33),
        (0.2431, 1710115200, 690, 33),
        (0.3443, 1716336000, 691, 33),
        (0.4049, 1725235200, 692, 33),
        (2.1375, 1020816000, 693, 34),
        (2.175, 1052438400, 694, 34),
        (2.2125, 1083801600, 695, 34),
        (2.4, 1115856000, 696, 34),
        (3.45, 1147305600, 697, 34),
        (6.84, 1179273600, 698, 34),
        (4.2, 1211328000, 699, 34),
        (4.4, 1242777600, 700, 34),
        (4.32, 1274313600, 701, 34),
        (6.25, 1305849600, 702, 34),
        (6.5, 1337126400, 703, 34),
        (6.75, 1368576000, 704, 34),
        (5.25, 1400112000, 705, 34),
        (1.8, 1407974400, 706, 34),
        (1.8, 1415923200, 707, 34),
        (1.8, 1424044800, 708, 34),
        (1.8, 1432080000, 709, 34),
        (1.8, 1439510400, 710, 34),
        (1.8, 1447372800, 711, 34),
        (1.8932, 1455667200, 712, 34),
        (1.8109, 1463011200, 713, 34),
        (1.8255, 1470787200, 714, 34),
        (1.8068, 1478044800, 715, 34),
        (1.8384, 1487721600, 716, 34),
        (1.8784, 1494547200, 717, 34),
        (1.7494, 1502236800, 718, 34),
        (1.7953, 1509494400, 719, 34),
        (1.7389, 1518048000, 720, 34),
        (1.8575, 1526428800, 721, 34),
        (1.9311, 1534809600, 722, 34),
        (1.9632, 1542758400, 723, 34),
        (1.9822, 1550534400, 724, 34),
        (2.2745, 1557964800, 725, 34),
        (2.34, 1566172800, 726, 34),
        (2.375, 1574035200, 727, 34),
        (2.41, 1581984000, 728, 34),
        (2.7219, 1589500800, 729, 34),
        (0.8003, 1597363200, 730, 34),
        (0.817, 1605139200, 731, 34),
        (0.929, 1613001600, 732, 34),
        (0.9908, 1620777600, 733, 34),
        (1.3308, 1628640000, 734, 34),
        (0.18, 1636588800, 735, 34),
        (0.18, 1644537600, 736, 34),
        (1.9531, 1652313600, 737, 34),
        (1.9281, 1660176000, 738, 34),
        (5.050521, 1668124800, 739, 34),
        (0.7, 1673222400, 740, 34),
        (0.3, 1683763200, 741, 34),
        (0.3, 1691971200, 742, 34),
        (6.56796, 1699920000, 743, 34),
        (3.15687, 1707868800, 744, 34),
        (3.75389, 1715731200, 745, 34),
        (3.71714, 1723766400, 746, 34),
        (0.35, 1731888000, 747, 34),
        (3.370624, 1114473600, 748, 35),
        (0.631992, 1177459200, 749, 35),
        (0.842656, 1209340800, 750, 35),
        (0.049512, 1399593600, 751, 35),
        (0.099024, 1524614400, 752, 35),
        (0.05, 1569456000, 753, 35),
        (0.4, 1629417600, 754, 35),
        (0.55, 1637020800, 755, 35),
        (0.9, 1645574400, 756, 35),
        (1, 1652659200, 757, 35),
        (0.75, 1661212800, 758, 35),
        (0.75, 1668556800, 759, 35),
        (0.75, 1677542400, 760, 35),
        (0.7, 1683849600, 761, 35),
        (0.6, 1692835200, 762, 35),
        (0.45, 1699833600, 763, 35),
        (0.6, 1708560000, 764, 35),
        (0.6, 1715644800, 765, 35),
        (0.55, 1724630400, 766, 35),
        (1, 1727308800, 767, 35),
        (0.5, 1731888000, 768, 35),
        (2, 998352000, 769, 36),
        (0.5, 1006128000, 770, 36),
        (1, 1015804800, 771, 36),
        (0.25, 1022630400, 772, 36),
        (0.75, 1046908800, 773, 36),
        (5, 1053043200, 774, 36),
        (5, 1055980800, 775, 36),
        (1.25, 1060819200, 776, 36),
        (6.5, 1069977600, 777, 36),
        (17.5, 1078876800, 778, 36),
        (1.25, 1087430400, 779, 36),
        (8, 1093478400, 780, 36),
        (12.5, 1101168000, 781, 36),
        (17.5, 1109808000, 782, 36),
        (15.5, 1118188800, 783, 36),
        (10, 1125532800, 784, 36),
        (7.5, 1132876800, 785, 36),
        (7.5, 1141257600, 786, 36),
        (7.5, 1149724800, 787, 36),
        (7.5, 1156809600, 788, 36),
        (12.5, 1165276800, 789, 36),
        (10.25, 1173139200, 790, 36),
        (7.5, 1181088000, 791, 36),
        (8.75, 1191974400, 792, 36),
        (7.5, 1196035200, 793, 36),
        (10, 1203638400, 794, 36),
        (13.75, 1212364800, 795, 36),
        (15, 1220313600, 796, 36),
        (2.5, 1228435200, 797, 36),
        (1.25, 1236556800, 798, 36),
        (1.25, 1244160000, 799, 36),
        (1.25, 1252454400, 800, 36),
        (0.75, 1259884800, 801, 36),
        (1.25, 1267747200, 802, 36),
        (3.75, 1275436800, 803, 36),
        (3.75, 1283904000, 804, 36),
        (1.25, 1291334400, 805, 36),
        (0.5, 1299456000, 806, 36),
        (0.5, 1307318400, 807, 36),
        (0.1, 1315353600, 808, 36),
        (0.25, 1450310400, 809, 36),
        (0.35, 1457481600, 810, 36),
        (0.4, 1465516800, 811, 36),
        (0.2, 1473379200, 812, 36),
        (0.1, 1481587200, 813, 36),
        (0.15, 1489104000, 814, 36),
        (0.15, 1496880000, 815, 36),
        (0.1, 1575936000, 816, 36),
        (0.4, 1583971200, 817, 36),
        (0.7, 1591142400, 818, 36),
        (0.5, 1599696000, 819, 36),
        (0.15, 1663200000, 820, 36),
        (1.07, 1678838400, 821, 36),
        (0.7, 1686787200, 822, 36),
        (0.8, 1694649600, 823, 36),
        (0.3, 1702512000, 824, 36),
        (0.37, 1710374400, 825, 36),
        (0.62, 1718236800, 826, 36),
        (0.62, 1726099200, 827, 36),
        (0.827, 1651708800, 828, 37),
        (1.025, 1659571200, 829, 37),
        (1.225, 1667347200, 830, 37),
        (1.226, 1677196800, 831, 37),
        (1.148, 1683072000, 832, 37),
        (1.091, 1691107200, 833, 37),
        (1.204, 1698969600, 834, 37),
        (1.136, 1708300800, 835, 37),
        (1.192, 1714348800, 836, 37),
        (1.184, 1722211200, 837, 37),
        (1.18, 1730073600, 838, 37),
        (1, 959558400, 839, 38),
        (1, 989366400, 840, 38),
        (2, 1020124800, 841, 38),
        (2, 1052179200, 842, 38),
        (1, 1072656000, 843, 38),
        (1.5, 1083801600, 844, 38),
        (1.5, 1101772800, 845, 38),
        (2, 1115337600, 846, 38),
        (2.5, 1128988800, 847, 38),
        (3.25, 1148601600, 848, 38),
        (2.25, 1160697600, 849, 38),
        (3, 1178236800, 850, 38),
        (2, 1210032000, 851, 38),
        (1, 1241568000, 852, 38),
        (1, 1319673600, 853, 38),
        (1.5, 1494547200, 854, 38),
        (1.5, 1525824000, 855, 38),
        (1, 1651795200, 856, 38),
        (2.2, 1660867200, 857, 38),
        (6.17, 1676246400, 858, 38),
        (6.58, 1692576000, 859, 38),
        (6.67, 1707782400, 860, 38),
        (10.51, 1724630400, 861, 38),
        (0.92, 1575417600, 862, 39),
        (0.95, 1583798400, 863, 39),
        (0.1, 1606867200, 864, 39),
        (0.3, 1614643200, 865, 39),
        (0.4, 1622505600, 866, 39),
        (0.4, 1630454400, 867, 39),
        (0.75, 1638316800, 868, 39),
        (0.75, 1646092800, 869, 39),
        (0.75, 1653350400, 870, 39),
        (0.5, 1662508800, 871, 39),
        (0.75, 1669766400, 872, 39),
        (0.25, 1677024000, 873, 39),
        (0.75, 1685404800, 874, 39),
        (0.75, 1685491200, 875, 39),
        (0.75, 1693353600, 876, 39),
        (0.125, 1701043200, 877, 39),
        (0.75, 1708560000, 878, 39),
        (0.75, 1717718400, 879, 39),
        (0.75, 1724803200, 880, 39),
        (0.75, 1732579200, 881, 39),
        (0.5, 1304035200, 882, 40),
        (0.5, 1323216000, 883, 40),
        (0.65, 1335484800, 884, 40),
        (1, 1352851200, 885, 40),
        (4, 1366934400, 886, 40),
        (0.75, 1385596800, 887, 40),
        (1, 1398384000, 888, 40),
        (1, 1415923200, 889, 40),
        (1, 1429833600, 890, 40),
        (0.5, 1447286400, 891, 40),
        (0.52, 1556236800, 892, 40),
        (0.54824, 1573516800, 893, 40),
        (0.09, 1651017600, 894, 40),
        (0.6152, 1667952000, 895, 40),
        (0.51, 1682553600, 896, 40),
        (3.79525, 1699488000, 897, 40),
        (7.43164, 1716336000, 898, 40),
        (11.21762, 1727222400, 899, 40),
        (0.185, 1480377600, 900, 41),
        (0.185, 1486598400, 901, 41),
        (0.185, 1494374400, 902, 41),
        (0.185, 1501545600, 903, 41),
        (0.185, 1509494400, 904, 41),
        (2.4, 1517875200, 905, 41),
        (2.51718, 1525824000, 906, 41),
        (2.53, 1533081600, 907, 41),
        (2.56866, 1541030400, 908, 41),
        (4.41142, 1549843200, 909, 41),
        (4.52363, 1557273600, 910, 41),
        (4.44417, 1564617600, 911, 41),
        (4.73642, 1572480000, 912, 41),
        (5.45251, 1581552000, 913, 41),
        (2.02683, 1588896000, 914, 41),
        (1.85169, 1596153600, 915, 41),
        (1.83989, 1604275200, 916, 41),
        (2.69167, 1612915200, 917, 41),
        (2.58628, 1620000000, 918, 41),
        (2.73258, 1626739200, 919, 41),
        (3.49119, 1635811200, 920, 41),
        (4.1782, 1644883200, 921, 41),
        (4.39128, 1651536000, 922, 41),
        (5.20559, 1660608000, 923, 41),
        (5.5282, 1667174400, 924, 41),
        (5.57216, 1676419200, 925, 41),
        (5.83506, 1683072000, 926, 41),
        (5.6578, 1689638400, 927, 41),
        (6.18822, 1698796800, 928, 41),
        (6.33546, 1707782400, 929, 41),
        (6.59196, 1714348800, 930, 41),
        (6.45618, 1721174400, 931, 41),
        (6.5946, 1730678400, 932, 41),
        (0.052062, 1064966400, 933, 42),
        (0.229592, 1092096000, 934, 42),
        (0.028699, 1101945600, 935, 42),
        (0.029762, 1119484800, 936, 42),
        (0.2, 1536883200, 937, 42),
        (0.2, 1552608000, 938, 42),
        (0.2, 1571961600, 939, 42),
        (0.2, 1640044800, 940, 42),
        (0.2, 1647216000, 941, 42),
        (0.25, 1660521600, 942, 42),
        (0.25, 1667865600, 943, 42),
        (0.25, 1676332800, 944, 42),
        (0.25, 1684886400, 945, 42),
        (0.25, 1692835200, 946, 42),
        (0.25, 1700092800, 947, 42),
        (0.25, 1707955200, 948, 42),
        (0.25, 1715817600, 949, 42),
        (0.3125, 1724284800, 950, 42),
        (0.3125, 1731542400, 951, 42),
        (0.467554, 1307318400, 952, 43),
        (0.467554, 1315440000, 953, 43),
        (0.467554, 1323302400, 954, 43),
        (0.233777, 1331164800, 955, 43),
        (0.233777, 1339113600, 956, 43),
        (0.116889, 1347235200, 957, 43),
        (0.116889, 1355097600, 958, 43),
        (0.233777, 1363910400, 959, 43),
        (0.233777, 1370822400, 960, 43),
        (0.350666, 1378771200, 961, 43),
        (0.350666, 1386633600, 962, 43),
        (0.350666, 1394409600, 963, 43),
        (0.350666, 1402358400, 964, 43),
        (0.350666, 1410220800, 965, 43),
        (0.350666, 1417564800, 966, 43),
        (0.233777, 1425340800, 967, 43),
        (0.233777, 1433894400, 968, 43),
        (0.116889, 1441843200, 969, 43),
        (4.98, 1581984000, 970, 43),
        (0.034, 1591056000, 971, 43),
        (0.034, 1599091200, 972, 43),
        (0.035, 1606262400, 973, 43),
        (0.035, 1614211200, 974, 43),
        (0.035, 1622505600, 975, 43),
        (0.035, 1630368000, 976, 43),
        (0.035, 1637884800, 977, 43),
        (0.035, 1646697600, 978, 43),
        (0.035, 1654646400, 979, 43),
        (0.035, 1661904000, 980, 43),
        (0.035, 1669075200, 981, 43),
        (0.035, 1677715200, 982, 43),
        (0.035, 1685059200, 983, 43),
        (0.035, 1693353600, 984, 43),
        (0.035, 1700438400, 985, 43),
        (0.088, 1709510400, 986, 43),
        (0.0625, 1716854400, 987, 43),
        (0.0625, 1725321600, 988, 43),
        (0.0625, 1731974400, 989, 43),
        (0.635, 1584662400, 990, 44),
        (0.635, 1585267200, 991, 44),
        (0.3175, 1595548800, 992, 44),
        (0.635, 1600732800, 993, 44),
        (0.3175, 1600992000, 994, 44),
        (0.66, 1616716800, 995, 44),
        (0.66, 1632441600, 996, 44),
        (0.7, 1648166400, 997, 44),
        (0.7, 1663891200, 998, 44),
        (0.725, 1679616000, 999, 44),
        (0.725, 1695340800, 1000, 44),
        (0.735, 1710374400, 1001, 44),
        (0.735, 1726790400, 1002, 44),
        (0.15, 1495756800, 1003, 45),
        (0.3, 1527465600, 1004, 45),
        (0.45, 1558915200, 1005, 45),
        (0.15, 1636675200, 1006, 45),
        (0.42, 1653436800, 1007, 45),
        (0.2, 1684972800, 1008, 45),
        (0.2, 1685059200, 1009, 45),
        (0.7, 1716508800, 1010, 45),
        (0.6, 1729641600, 1011, 45),
        (0.5, 1573430400, 1012, 46),
        (0.08, 1575590400, 1013, 46),
        (0.04, 1578960000, 1014, 46),
        (0.03, 1581552000, 1015, 46),
        (0.01, 1597622400, 1016, 46),
        (0.03, 1599782400, 1017, 46),
        (0.06, 1602460800, 1018, 46),
        (0.07, 1605484800, 1019, 46),
        (0.04, 1608163200, 1020, 46),
        (0.06, 1611187200, 1021, 46),
        (0.13, 1613692800, 1022, 46),
        (0.03, 1616457600, 1023, 46),
        (0.1, 1618963200, 1024, 46),
        (0.21, 1621468800, 1025, 46),
        (0.3, 1623888000, 1026, 46),
        (0.24, 1626652800, 1027, 46),
        (0.26, 1629417600, 1028, 46),
        (0.32, 1631836800, 1029, 46),
        (0.39, 1634601600, 1030, 46),
        (0.49, 1637280000, 1031, 46),
        (0.35, 1639612800, 1032, 46),
        (0.36, 1642636800, 1033, 46),
        (0.06, 1645056000, 1034, 46),
        (0.08, 1647561600, 1035, 46),
        (0.12, 1650412800, 1036, 46),
        (0.08, 1652918400, 1037, 46),
        (0.26, 1655769600, 1038, 46),
        (0.18, 1658361600, 1039, 46),
        (0.18, 1660867200, 1040, 46),
        (0.06, 1663632000, 1041, 46),
        (0.06, 1666224000, 1042, 46),
        (0.1, 1668988800, 1043, 46),
        (0.08, 1671494400, 1044, 46),
        (0.09, 1674172800, 1045, 46),
        (0.01, 1676851200, 1046, 46),
        (0.01, 1679356800, 1047, 46),
        (0.02, 1681948800, 1048, 46),
        (0.07, 1684800000, 1049, 46),
        (0.08, 1687392000, 1050, 46),
        (0.04, 1689897600, 1051, 46),
        (0.04, 1692662400, 1052, 46),
        (0.03, 1695168000, 1053, 46),
        (0.05, 1698105600, 1054, 46),
        (0.2, 1700524800, 1055, 46),
        (0.18, 1703116800, 1056, 46),
        (0.21, 1705968000, 1057, 46),
        (0.1, 1708473600, 1058, 46),
        (0.1, 1710806400, 1059, 46),
        (1.68, 1713225600, 1060, 46),
        (0.14, 1715731200, 1061, 46),
        (0.18, 1718668800, 1062, 46),
        (0.2, 1721088000, 1063, 46),
        (0.2, 1724112000, 1064, 46),
        (0.17, 1726531200, 1065, 46),
        (0.2, 1729123200, 1066, 46),
        (0.15, 1731974400, 1067, 46),
        (0.25, 1275004800, 1068, 47),
        (1.35, 1306713600, 1069, 47),
        (0.5, 1432857600, 1070, 47),
        (0.5, 1465948800, 1071, 47),
        (1, 1479686400, 1072, 47),
        (3, 1496880000, 1073, 47),
        (1, 1510790400, 1074, 47),
        (2, 1528848000, 1075, 47),
        (2, 1542931200, 1076, 47),
        (2, 1560470400, 1077, 47),
        (2, 1574640000, 1078, 47),
        (3, 1654819200, 1079, 47),
        (4.5, 1687910400, 1080, 47),
        (1.75, 1718841600, 1081, 47),
        (0.3, 989539200, 1082, 48),
        (0.35, 1020988800, 1083, 48),
        (0.45, 1052438400, 1084, 48),
        (1, 1083888000, 1085, 48),
        (1.5, 1116806400, 1086, 48),
        (2, 1148428800, 1087, 48),
        (2.5, 1179273600, 1088, 48),
        (3.4, 1210291200, 1089, 48),
        (2.5, 1274313600, 1090, 48),
        (3.8, 1305849600, 1091, 48),
        (5, 1337299200, 1092, 48),
        (6, 1368662400, 1093, 48),
        (7, 1400112000, 1094, 48),
        (3.8, 1432166400, 1095, 48),
        (3.5, 1446422400, 1096, 48),
        (4, 1463011200, 1097, 48),
        (3.5, 1477612800, 1098, 48),
        (4.3, 1494460800, 1099, 48),
        (3.5, 1509062400, 1100, 48),
        (4.2, 1525305600, 1101, 48),
        (4.4, 1537401600, 1102, 48),
        (3.9, 1539820800, 1103, 48),
        (4.4, 1557273600, 1104, 48),
        (4, 1570665600, 1105, 48),
        (4.4, 1589241600, 1106, 48),
        (4.3, 1602115200, 1107, 48),
        (5, 1622160000, 1108, 48),
        (4, 1633564800, 1109, 48),
        (5, 1652313600, 1110, 48),
        (4.3, 1665014400, 1111, 48),
        (5, 1683763200, 1112, 48),
        (4.4, 1697673600, 1113, 48),
        (5, 1715126400, 1114, 48),
        (4.5, 1729123200, 1115, 48),
        (2.08907, 1083283200, 1116, 49),
        (2.421422, 1114128000, 1117, 49),
        (3.323521, 1146009600, 1118, 49),
        (3.79831, 1177459200, 1119, 49),
        (4.273098, 1209686400, 1120, 49),
        (1.26, 1272412800, 1121, 49),
        (4, 1304035200, 1122, 49),
        (2, 1335398400, 1123, 49),
        (2.1, 1367452800, 1124, 49),
        (2.7, 1398384000, 1125, 49),
        (3.8, 1429833600, 1126, 49),
        (4.5, 1461715200, 1127, 49),
        (5.7, 1493164800, 1128, 49),
        (7.1, 1524614400, 1129, 49),
        (8.25, 1556755200, 1130, 49),
        (8.4, 1614124800, 1131, 49),
        (9, 1635379200, 1132, 49),
        (9.75, 1651017600, 1133, 49),
        (12.5, 1682467200, 1134, 49),
        (16, 1714435200, 1135, 49),
        (22, 958003200, 1136, 50),
        (30, 989452800, 1137, 50),
        (30, 1020988800, 1138, 50),
        (40, 1051574400, 1139, 50),
        (60, 1083196800, 1140, 50),
        (90, 1113868800, 1141, 50),
        (110, 1145577600, 1142, 50),
        (110, 1177977600, 1143, 50),
        (130, 1209513600, 1144, 50),
        (130, 1241136000, 1145, 50),
        (65, 1272412800, 1146, 50),
        (200, 1301961600, 1147, 50),
        (200, 1334188800, 1148, 50),
        (200, 1334275200, 1149, 50),
        (240, 1365724800, 1150, 50),
        (280, 1396310400, 1151, 50),
        (1671, 1427760000, 1152, 50),
        (300, 1460505600, 1153, 50),
        (150, 1490745600, 1154, 50),
        (150, 1523404800, 1155, 50),
        (150, 1554249600, 1156, 50),
        (150, 1585008000, 1157, 50),
        (330, 1616544000, 1158, 50),
        (2500, 1647388800, 1159, 50),
        (2300, 1680048000, 1160, 50),
        (515, 1710460800, 1161, 50),
        (22, 958003200, 1162, 51),
        (30, 989452800, 1163, 51),
        (30, 1020988800, 1164, 51),
        (40, 1051574400, 1165, 51),
        (60, 1083196800, 1166, 51),
        (90, 1113868800, 1167, 51),
        (110, 1145577600, 1168, 51),
        (110, 1177977600, 1169, 51),
        (130, 1209513600, 1170, 51),
        (130, 1241136000, 1171, 51),
        (65, 1272412800, 1172, 51),
        (200, 1301961600, 1173, 51),
        (200, 1334275200, 1174, 51),
        (240, 1365724800, 1175, 51),
        (280, 1396310400, 1176, 51),
        (300, 1427760000, 1177, 51),
        (300, 1460505600, 1178, 51),
        (150, 1490745600, 1179, 51),
        (150, 1523404800, 1180, 51),
        (150, 1554249600, 1181, 51),
        (150, 1585008000, 1182, 51),
        (330, 1616544000, 1183, 51),
        (2500, 1647388800, 1184, 51),
        (2000, 1680048000, 1185, 51),
        (515, 1710460800, 1186, 51),
        (0.6625, 985132800, 1187, 52),
        (0.1675, 1015977600, 1188, 52),
        (0.18, 1048636800, 1189, 52),
        (0.22, 1079481600, 1190, 52),
        (0.24, 1110412800, 1191, 52),
        (0.3, 1141862400, 1192, 52),
        (0.35, 1173312000, 1193, 52),
        (0.45, 1205366400, 1194, 52),
        (0.6, 1237420800, 1195, 52),
        (0.75, 1269475200, 1196, 52),
        (1, 1300924800, 1197, 52),
        (1.4, 1332374400, 1198, 52),
        (1.8, 1363824000, 1199, 52),
        (2.25, 1395360000, 1200, 52),
        (2.5, 1426809600, 1201, 52),
        (3.2, 1458518400, 1202, 52),
        (1.5, 1470960000, 1203, 52),
        (2.3, 1490313600, 1204, 52),
        (1.5, 1503014400, 1205, 52),
        (2.425, 1521763200, 1206, 52),
        (1.5, 1534464000, 1207, 52),
        (2.575, 1553212800, 1208, 52),
        (1.5, 1565913600, 1209, 52),
        (2.675, 1585267200, 1210, 52),
        (1.625, 1597363200, 1211, 52),
        (2.925, 1616716800, 1212, 52),
        (1.75, 1629072000, 1213, 52),
        (3.45, 1648166400, 1214, 52),
        (2.125, 1660262400, 1215, 52),
        (4.075, 1679616000, 1216, 52),
        (3, 1692316800, 1217, 52),
        (6.4, 1711065600, 1218, 52),
        (3.5, 1723680000, 1219, 52),
        (0.05, 1106697600, 1220, 53),
        (0.05, 1136937600, 1221, 53),
        (0.075, 1166572800, 1222, 53),
        (0.075, 1198108800, 1223, 53),
        (0.075, 1229472000, 1224, 53),
        (0.075, 1261008000, 1225, 53),
        (0.125, 1292544000, 1226, 53),
        (0.1, 1323993600, 1227, 53),
        (0.15, 1355443200, 1228, 53),
        (0.0625, 1386892800, 1229, 53),
        (0.1875, 1418860800, 1230, 53),
        (0.19, 1449792000, 1231, 53),
        (0.31, 1481587200, 1232, 53),
        (0.37, 1513209600, 1233, 53),
        (0.4, 1544659200, 1234, 53),
        (0.38, 1576627200, 1235, 53),
        (0.29, 1607558400, 1236, 53),
        (0.29, 1639526400, 1237, 53),
        (4.364098, 984096000, 1238, 55),
        (4.040832, 1016496000, 1239, 55),
        (4.040832, 1047945600, 1240, 55),
        (4.040832, 1079654400, 1241, 55),
        (4.040832, 1111017600, 1242, 55),
        (4.040832, 1142467200, 1243, 55),
        (4.848998, 1173830400, 1244, 55),
        (4.848998, 1205193600, 1245, 55),
        (3.5, 1236902400, 1246, 55),
        (3.5, 1269561600, 1247, 55),
        (5, 1301011200, 1248, 55),
        (5.5, 1332460800, 1249, 55),
        (6, 1363910400, 1250, 55),
        (8, 1395360000, 1251, 55),
        (9, 1427414400, 1252, 55),
        (9, 1458259200, 1253, 55),
        (10, 1490918400, 1254, 55),
        (16, 1521072000, 1255, 55),
        (18, 1552521600, 1256, 55),
        (21, 1584403200, 1257, 55),
        (22, 1615852800, 1258, 55),
        (24, 1647302400, 1259, 55),
        (27, 1678752000, 1260, 55),
        (27, 1710201600, 1261, 55),
        (4.358987, 984096000, 1262, 56),
        (4.036099, 1016496000, 1263, 56),
        (4.036099, 1047945600, 1264, 56),
        (4.036099, 1079654400, 1265, 56),
        (4.036099, 1111017600, 1266, 56),
        (4.036099, 1142467200, 1267, 56),
        (4.843319, 1173830400, 1268, 56),
        (4.843319, 1205193600, 1269, 56),
        (3.5, 1236902400, 1270, 56),
        (3.5, 1269561600, 1271, 56),
        (5, 1301011200, 1272, 56),
        (5.5, 1332460800, 1273, 56),
        (6, 1363910400, 1274, 56),
        (8, 1395360000, 1275, 56),
        (9, 1427414400, 1276, 56),
        (9, 1458259200, 1277, 56),
        (10, 1490918400, 1278, 56),
        (16, 1521072000, 1279, 56),
        (18, 1552521600, 1280, 56),
        (21, 1584403200, 1281, 56),
        (22, 1615852800, 1282, 56),
        (24, 1647302400, 1283, 56),
        (27, 1678752000, 1284, 56),
        (27, 1710201600, 1285, 56),
        (0.3, 976752000, 1286, 57),
        (0.36, 1008720000, 1287, 57),
        (0.435, 1040083200, 1288, 57),
        (0.5, 1071619200, 1289, 57),
        (0.6, 1102636800, 1290, 57),
        (0.7, 1134604800, 1291, 57),
        (0.8, 1166054400, 1292, 57),
        (1.8, 1198022400, 1293, 57),
        (1.2, 1229558400, 1294, 57),
        (1.4, 1259712000, 1295, 57),
        (2, 1291248000, 1296, 57),
        (2.8, 1323302400, 1297, 57),
        (4, 1355270400, 1298, 57),
        (3, 1367798400, 1299, 57),
        (7, 1386288000, 1300, 57),
        (4.5, 1399593600, 1301, 57),
        (7.5, 1417737600, 1302, 57),
        (4.5, 1430956800, 1303, 57),
        (8, 1449705600, 1304, 57),
        (4.5, 1462752000, 1305, 57),
        (9, 1480982400, 1306, 57),
        (4.5, 1494201600, 1307, 57),
        (10.5, 1512691200, 1308, 57),
        (5, 1525651200, 1309, 57),
        (11, 1544054400, 1310, 57),
        (5, 1557100800, 1311, 57),
        (12, 1575590400, 1312, 57),
        (5, 1589155200, 1313, 57),
        (13, 1607040000, 1314, 57),
        (5, 1620604800, 1315, 57),
        (14, 1638489600, 1316, 57),
        (5, 1652054400, 1317, 57),
        (15, 1669939200, 1318, 57),
        (5, 1684108800, 1319, 57),
        (16, 1701993600, 1320, 57),
        (5, 1715558400, 1321, 57),
        (4.071624, 985737600, 1322, 58),
        (4.395503, 1016582400, 1323, 58),
        (4.395503, 1048636800, 1324, 58),
        (6.061167, 1080086400, 1325, 58),
        (7.264147, 1110931200, 1326, 58),
        (9.25369, 1142380800, 1327, 58),
        (7.17161, 1173225600, 1328, 58),
        (7.865636, 1204675200, 1329, 58),
        (2, 1395187200, 1330, 58),
        (5.5, 1426723200, 1331, 58),
        (8, 1458259200, 1332, 58),
        (9, 1489708800, 1333, 58),
        (10, 1521158400, 1334, 58),
        (8.5, 1552953600, 1335, 58),
        (2, 1615939200, 1336, 58),
        (2, 1647561600, 1337, 58),
        (7, 1690156800, 1338, 58),
        (7.5, 1711065600, 1339, 58),
        (7.5, 1721606400, 1340, 58),
        (0.06, 976492800, 1341, 60),
        (0.06, 1022457600, 1342, 60),
        (0.12, 1053302400, 1343, 60),
        (0.21, 1082678400, 1344, 60),
        (0.75, 1114992000, 1345, 60),
        (0.25, 1146441600, 1346, 60),
        (0.25, 1177977600, 1347, 60),
        (0.25, 1209686400, 1348, 60),
        (0.25, 1241136000, 1349, 60),
        (0.25, 1269820800, 1350, 60),
        (0.5, 1301011200, 1351, 60),
        (1, 1332374400, 1352, 60),
        (1.25, 1363910400, 1353, 60),
        (1.5, 1395014400, 1354, 60),
        (1.6, 1426204800, 1355, 60),
        (1.7, 1457654400, 1356, 60),
        (1.8, 1489104000, 1357, 60),
        (2, 1520553600, 1358, 60),
        (2.25, 1552867200, 1359, 60),
        (2.5, 1584403200, 1360, 60),
        (4, 1613433600, 1361, 60),
        (4, 1615852800, 1362, 60),
        (5.5, 1647561600, 1363, 60),
        (6.5, 1679011200, 1364, 60),
        (7, 1710460800, 1365, 60),
        (0.6, 988329600, 1366, 62),
        (0.6, 1080777600, 1367, 62),
        (0.6, 1110844800, 1368, 62),
        (0.6, 1142985600, 1369, 62),
        (0.19, 1301270400, 1370, 62),
        (0.27, 1332460800, 1371, 62),
        (0.49, 1363910400, 1372, 62),
        (0.84, 1395619200, 1373, 62),
        (0.9, 1426809600, 1374, 62),
        (0.99, 1457654400, 1375, 62),
        (1.15, 1489536000, 1376, 62),
        (1.25, 1520985600, 1377, 62),
        (1.35, 1553212800, 1378, 62),
        (1.45, 1583971200, 1379, 62),
        (1.45, 1616025600, 1380, 62),
        (1.55, 1646870400, 1381, 62),
        (4.9, 1429142400, 1382, 63),
        (7.4, 1459900800, 1383, 63),
        (4, 1478649600, 1384, 63),
        (7.7, 1490918400, 1385, 63),
        (7.7, 1523491200, 1386, 63),
        (7.7, 1554940800, 1387, 63),
        (2.1, 1681430400, 1388, 63),
        (2.3, 1712880000, 1389, 63),
        (5.25, 1458172800, 1390, 64),
        (5.25, 1490140800, 1391, 64),
        (5.6, 1496707200, 1392, 64),
        (5.85, 1521590400, 1393, 64),
        (5.89, 1530662400, 1394, 64),
        (7.78, 1701648000, 1395, 64),
        (3.242371, 1017878400, 1396, 65),
        (3.242371, 1049414400, 1397, 65),
        (6.484742, 1080864000, 1398, 65),
        (6.484742, 1112832000, 1399, 65),
        (9.727113, 1144368000, 1400, 65),
        (8.105927, 1176336000, 1401, 65),
        (8.91652, 1207872000, 1402, 65),
        (2.837075, 1269561600, 1403, 65),
        (1.621185, 1300924800, 1404, 65),
        (1.621185, 1333065600, 1405, 65),
        (6.484742, 1363910400, 1406, 65),
        (2.837075, 1395792000, 1407, 65),
        (3.242371, 1427328000, 1408, 65),
        (3.242371, 1459468800, 1409, 65),
        (1.894492, 986947200, 1410, 66),
        (0.217867, 1019692800, 1411, 66),
        (0.217867, 1051228800, 1412, 66),
        (0.236811, 1080777600, 1413, 66),
        (0.265229, 1113177600, 1414, 66),
        (0.331536, 1144281600, 1415, 66),
        (0.464151, 1176681600, 1416, 66),
        (0.473623, 1207267200, 1417, 66),
        (2.17, 1238716800, 1418, 66),
        (2.41, 1269561600, 1419, 66),
        (0.29, 1301011200, 1420, 66),
        (0.26, 1332460800, 1421, 66),
        (0.34, 1363305600, 1422, 66),
        (0.43, 1395360000, 1423, 66),
        (0.62, 1426809600, 1424, 66),
        (0.64, 1458259200, 1425, 66),
        (0.65, 1489708800, 1426, 66),
        (0.68, 1521158400, 1427, 66),
        (0.69, 1553817600, 1428, 66),
        (0.4, 1585180800, 1429, 66),
        (0.07, 1613692800, 1430, 66),
        (0.72, 1633305600, 1431, 66),
        (0.69, 1648166400, 1432, 66),
        (0.8, 1679616000, 1433, 66),
        (0.92, 1711065600, 1434, 66),
        (0.33, 985219200, 1435, 67),
        (0.4, 1016668800, 1436, 67),
        (0.45, 1048118400, 1437, 67),
        (0.63, 1079568000, 1438, 67),
        (0.7, 1111017600, 1439, 67),
        (0.8, 1141257600, 1440, 67),
        (0.9, 1173398400, 1441, 67),
        (1, 1204761600, 1442, 67),
        (1.05, 1236211200, 1443, 67),
        (1.15, 1267660800, 1444, 67),
        (1.6, 1299110400, 1445, 67),
        (1.9, 1330560000, 1446, 67),
        (2.2, 1362096000, 1447, 67),
        (2.5, 1393459200, 1448, 67),
        (3, 1424908800, 1449, 67),
        (3.5, 1456358400, 1450, 67),
        (4, 1487808000, 1451, 67),
        (4.5, 1520985600, 1452, 67),
        (5, 1551312000, 1453, 67),
        (5.25, 1582761600, 1454, 67),
        (5.25, 1615507200, 1455, 67),
        (5.5, 1647475200, 1456, 67),
        (6, 1677801600, 1457, 67),
        (4.2, 1696982400, 1458, 67),
        (2, 1714521600, 1459, 67),
        (2, 1724889600, 1460, 67),
        (5, 1302480000, 1461, 68),
        (5.5, 1332288000, 1462, 68),
        (5.5, 1363824000, 1463, 68),
        (6.5, 1395273600, 1464, 68),
        (9, 1426723200, 1465, 68),
        (13, 1458172800, 1466, 68),
        (9, 1489622400, 1467, 68),
        (9, 1494892800, 1468, 68),
        (9, 1502755200, 1469, 68),
        (9, 1510617600, 1470, 68),
        (9, 1521072000, 1471, 68),
        (9, 1534809600, 1472, 68),
        (9, 1552521600, 1473, 68),
        (9, 1583971200, 1474, 68),
        (5, 1620777600, 1475, 68),
        (5, 1630022400, 1476, 68),
        (5, 1636934400, 1477, 68),
        (16, 1646956800, 1478, 68),
        (16, 1679011200, 1479, 68),
        (18, 1710460800, 1480, 68),
        (3.3, 959212800, 1481, 69),
        (3.3, 990489600, 1482, 69),
        (3.3, 1023062400, 1483, 69),
        (3.3, 1082419200, 1484, 69),
        (4, 1113868800, 1485, 69),
        (4.8, 1146441600, 1486, 69),
        (9.6, 1177545600, 1487, 69),
        (14.4, 1208995200, 1488, 69),
        (9.6, 1240444800, 1489, 69),
        (9.6, 1271894400, 1490, 69),
        (9.6, 1303948800, 1491, 69),
        (9.6, 1334793600, 1492, 69),
        (10.2, 1366243200, 1493, 69),
        (10.4, 1397088000, 1494, 69),
        (11.3, 1429142400, 1495, 69),
        (11.5, 1459987200, 1496, 69),
        (18.8, 1491436800, 1497, 69),
        (24.1, 1523491200, 1498, 69),
        (29.9, 1554336000, 1499, 69),
        (32, 1585785600, 1500, 69),
        (32, 1617840000, 1501, 69),
        (35, 1649289600, 1502, 69),
        (35, 1680134400, 1503, 69),
        (43, 1712793600, 1504, 69),
        (0.646793, 959299200, 1505, 70),
        (0.646793, 991353600, 1506, 70),
        (0.646793, 1022630400, 1507, 70),
        (1.077988, 1051142400, 1508, 70),
        (1.077988, 1083110400, 1509, 70),
        (1.293586, 1113868800, 1510, 70),
        (1.437318, 1146182400, 1511, 70),
        (1.437318, 1177977600, 1512, 70),
        (1.437318, 1209427200, 1513, 70),
        (2.5, 1304035200, 1514, 70),
        (3.4, 1335744000, 1515, 70),
        (3.4, 1335830400, 1516, 70),
        (3.85, 1367280000, 1517, 70),
        (6.8, 1430265600, 1518, 70),
        (7.2, 1461801600, 1519, 70),
        (8.15, 1493337600, 1520, 70),
        (8.9, 1524614400, 1521, 70),
        (10.8, 1556236800, 1522, 70),
        (12.2, 1588118400, 1523, 70),
        (12.2, 1598832000, 1524, 70),
        (13.5, 1619654400, 1525, 70),
        (14.5, 1651190400, 1526, 70),
        (14.5, 1682640000, 1527, 70),
        (14.5, 1727740800, 1528, 70),
        (41229.387, 1188777600, 1529, 71),
        (6746.6265, 1208908800, 1530, 71),
        (5997.0015, 1240444800, 1531, 71),
        (0.4, 1471996800, 1532, 71),
        (0.1, 1587081600, 1533, 71),
        (0.85, 1598400000, 1534, 71),
        (0.58, 1661904000, 1535, 71),
        (1.46, 1669075200, 1536, 71),
        (2.59, 1679616000, 1537, 71),
        (1.46, 1684713600, 1538, 71),
        (1.5, 1693180800, 1539, 71),
        (1.46, 1700524800, 1540, 71),
        (1.36, 1713139200, 1541, 71),
        (1.5, 1716249600, 1542, 71),
        (1.8, 1724803200, 1543, 71),
        (1.2, 1732060800, 1544, 71),
        (0.2, 988934400, 1545, 72),
        (0.3, 1019174400, 1546, 72),
        (0.78, 1427760000, 1547, 72),
        (1.364, 1459382400, 1548, 72),
        (1.942, 1491523200, 1549, 72),
        (1.846, 1522800000, 1550, 72),
        (1.488, 1554336000, 1551, 72),
        (1.586, 1586304000, 1552, 72),
        (1.69, 1617926400, 1553, 72),
        (0.37, 1649203200, 1554, 72),
        (6, 1488412800, 1555, 73),
        (9, 1520553600, 1556, 73),
        (9.75, 1551830400, 1557, 73),
        (10.5, 1583193600, 1558, 73),
        (11.5, 1614643200, 1559, 73),
        (12.5, 1649635200, 1560, 73),
        (13.5, 1678233600, 1561, 73);

INSERT INTO historical_pricing (opening_price, previous_daily_closing_price, closing_date, id, opening_date, stock_id)
VALUES  (115.5, 115.2, 1733149997, 1, 1733236397, 1),
        (49.97, 49.91, 1733150015, 2, 1733236415, 2),
        (33.1, 33.08, 1733150033, 3, 1733236433, 3),
        (197.4, 197.9, 1733150050, 4, 1733236450, 4),
        (124.9, 124.65, 1733150068, 5, 1733236468, 5),
        (49.82, 49.88, 1733150086, 6, 1733236486, 6),
        (252, 252.5, 1733150103, 7, 1733236503, 7),
        (152.9, 152.9, 1733150121, 8, 1733236521, 8),
        (216.6, 216.5, 1733150139, 9, 1733236539, 9),
        (72, 73.6, 1733150156, 10, 1733236556, 10),
        (107.5, 107.6, 1733150174, 11, 1733236574, 11),
        (277.2, 276.7, 1733150192, 12, 1733236592, 12),
        (31.68, 31.8, 1733150210, 13, 1733236610, 13),
        (31.75, 31.8, 1733150228, 14, 1733236628, 14),
        (112.2, 112.6, 1733150246, 15, 1733236646, 15),
        (116, 116, 1733150264, 16, 1733236664, 16),
        (43.7, 43.72, 1733150282, 17, 1733236682, 17),
        (1.642, 1.656, 1733150299, 18, 1733236699, 18),
        (89.3, 89.1, 1733150317, 19, 1733236717, 19),
        (107, 106.9, 1733150334, 20, 1733236734, 20),
        (173.25, 173.25, 1733150352, 21, 1733236752, 21),
        (125.3, 125.4, 1733150370, 22, 1733236770, 22),
        (138.8, 138.8, 1733150388, 23, 1733236788, 23),
        (142.3, 141.86, 1733150406, 24, 1733236806, 24),
        (332, 332, 1733150424, 25, 1733236824, 25),
        (21.88, 21.75, 1733150512, 26, 1733236912, 26),
        (135, 135, 1733150530, 27, 1733236930, 27),
        (126, 126.1, 1733150547, 28, 1733236947, 28),
        (240, 243, 1733150565, 29, 1733236965, 29),
        (115, 114.4, 1733150582, 30, 1733236982, 30),
        (78.8, 77.4, 1733150600, 31, 1733237000, 31),
        (76, 77.2, 1733150618, 32, 1733237018, 32),
        (62.25, 61.6, 1733150635, 33, 1733237035, 33),
        (268.9, 268.1, 1733150653, 34, 1733237053, 34),
        (17.66, 17.66, 1733150671, 35, 1733237071, 35),
        (174.5, 175.7, 1733150689, 36, 1733237089, 36),
        (36.11, 36.1, 1733150707, 37, 1733237107, 37),
        (103, 103, 1733150725, 38, 1733237125, 38),
        (264, 264, 1733150743, 39, 1733237143, 39),
        (105, 104.8, 1733150760, 40, 1733237160, 40),
        (225, 222.7, 1733150778, 41, 1733237178, 41),
        (10.36, 10.27, 1733150796, 42, 1733237196, 42),
        (26.8, 26.85, 1733150813, 43, 1733237213, 43),
        (197, 198.7, 1733150832, 44, 1733237232, 44),
        (9.96, 9.94, 1733150849, 45, 1733237249, 45),
        (121.1, 120.8, 1733150866, 46, 1733237266, 46),
        (61.7, 61.65, 1733150885, 47, 1733237285, 47),
        (128.4, 128.4, 1733150903, 48, 1733237303, 48),
        (230.5, 229.8, 1733150921, 49, 1733237321, 49),
        (11900, 11800, 1733150995, 50, 1733237395, 50),
        (12250, 12230, 1733151013, 51, 1733237413, 51),
        (780, 775.8, 1733151031, 52, 1733237431, 52),
        (113, 112.8, 1733151049, 53, 1733237449, 53),
        (193.5, 193.5, 1733151066, 54, 1733237466, 54),
        (936, 900, 1733151084, 55, 1733237484, 55),
        (764, 755.4, 1733151101, 56, 1733237501, 56),
        (902.6, 898.8, 1733151119, 57, 1733237519, 57),
        (202.6, 202.2, 1733151137, 58, 1733237537, 58),
        (270, 268.8, 1733151155, 59, 1733237555, 59),
        (1543, 1536.5, 1733151172, 60, 1733237572, 60),
        (1560, 1551.5, 1733151190, 61, 1733237590, 61),
        (137.1, 136.95, 1733151207, 62, 1733237607, 62),
        (129.5, 129, 1733151225, 63, 1733237625, 63),
        (499, 496.4, 1733151242, 64, 1733237642, 64),
        (539, 540, 1733151260, 65, 1733237660, 65),
        (80.44, 80.32, 1733151278, 66, 1733237678, 66),
        (418.7, 418.8, 1733151296, 67, 1733237696, 67),
        (1168, 1164, 1733151313, 68, 1733237713, 68),
        (2566, 2578, 1733151331, 69, 1733237731, 69),
        (537, 536.5, 1733151349, 70, 1733237749, 70),
        (145.4, 145.6, 1733151367, 71, 1733237767, 71),
        (111.55, 110.4, 1733151384, 72, 1733237784, 72),
        (380.1, 381.4, 1733151402, 73, 1733237802, 73),
        (732.5, 727, 1733151419, 74, 1733237819, 74);